task_id,n_sources,comparison_level,method,method_display,auc,auprc,mcc,accuracy,balanced_accuracy,sensitivity,specificity,threshold
gue_emp_H3,53,Source control,best_primitive_head,Best primitive feature head,0.9138394530622443,0.901781715246438,0.6667721898110516,0.832999331997328,0.8327546812802342,0.8609271523178808,0.8045822102425876,0.4538115496933461
gue_human_tf_0,53,Source control,best_primitive_head,Best primitive feature head,0.913124,0.8993856342582089,0.6661342411738336,0.827,0.827,0.922,0.732,0.490538779348135
gue_mouse_0,49,Source control,best_primitive_head,Best primitive feature head,0.8215881725346748,0.8372509454118128,0.499251393762025,0.7481481481481481,0.7481481481481482,0.6938271604938272,0.8024691358024691,0.5006097960472107
gue_prom_300_all,53,Source control,best_primitive_head,Best primitive feature head,0.9560209788613432,0.9542660607922122,0.7830977237392386,0.8915540540540541,0.8915376889010638,0.8939597315436242,0.8891156462585034,0.476666659116745
gue_prom_core_all,53,Source control,best_primitive_head,Best primitive feature head,0.8855687518718178,0.8866900805584754,0.6018013488050558,0.8003378378378379,0.8004167305824001,0.7712264150943396,0.8296070460704607,0.5291914939880371
ipromoter_hs_notata,53,Source control,best_primitive_head,Best primitive feature head,0.8229628298540616,0.8181615372190737,0.4837354388948354,0.7418317468484693,0.7418359806377292,0.7336076112111083,0.75006435006435,0.5062251925468445
ipromoter_hs_tata,53,Source control,best_primitive_head,Best primitive feature head,0.9323941469489416,0.9411905497865724,0.7139121545401864,0.856492027334852,0.8565483603154835,0.8318181818181818,0.8812785388127854,0.4775197112560272
ipromoter_mm_notata,53,Source control,best_primitive_head,Best primitive feature head,0.8775520908839816,0.8766809457095059,0.5934048450320372,0.7967024420594183,0.796701015523278,0.798011187072716,0.79539084397384,0.494756817817688
ipromoter_mm_tata,53,Source control,best_primitive_head,Best primitive feature head,0.9451819923371646,0.952386162755278,0.7540229479724481,0.87527352297593,0.8759482758620689,0.8318965517241379,0.92,0.525884485244751
snnrice6ma_rice_chen,53,Source control,best_primitive_head,Best primitive feature head,0.8235930735930735,0.820351401294613,0.4796535601758807,0.7396226415094339,0.7396901344269765,0.7575757575757576,0.7218045112781954,0.4888369530439377
gue_emp_H3,53,Source control,best_standalone_source,Best standalone source/expert,0.924414059013584,0.9041636487108312,0.7094029724731705,0.8537074148296593,0.8533540993555988,0.8940397350993378,0.8126684636118598,0.55419921875
gue_human_tf_0,53,Source control,best_standalone_source,Best standalone source/expert,0.913124,0.8993856342582089,0.6661342411738336,0.827,0.827,0.922,0.732,0.490538779348135
gue_mouse_0,49,Source control,best_standalone_source,Best standalone source/expert,0.8828562719097699,0.8981144353155838,0.5991046169680296,0.7839506172839507,0.7839506172839505,0.6246913580246913,0.94320987654321,0.32044677734375
gue_prom_300_all,53,Source control,best_standalone_source,Best standalone source/expert,0.9795311144592064,0.980186738886354,0.8439156646467698,0.9219594594594596,0.9219627448294754,0.921476510067114,0.9224489795918368,0.6717529296875018
gue_prom_core_all,53,Source control,best_standalone_source,Best standalone source/expert,0.91907714583379,0.9199132289010492,0.6804026425572123,0.8402027027027027,0.8402006223566278,0.8409703504043127,0.8394308943089431,0.52734375
ipromoter_hs_notata,53,Source control,best_standalone_source,Best standalone source/expert,0.8962390043130594,0.8962058498420951,0.6427439279720032,0.8209416002058143,0.820954790149956,0.7953201337104654,0.8465894465894466,0.67919921875
ipromoter_hs_tata,53,Source control,best_standalone_source,Best standalone source/expert,0.9807129514321296,0.9793927104066036,0.8480290550774665,0.9236902050113897,0.9237339144873392,0.9045454545454544,0.9429223744292238,0.7418652343750001
ipromoter_mm_notata,53,Source control,best_standalone_source,Best standalone source/expert,0.9328959030089816,0.9338929003888622,0.7098151731300903,0.8523876186032042,0.8524519698929585,0.793349906774394,0.9115540330115228,0.6982421875
ipromoter_mm_tata,53,Source control,best_standalone_source,Best standalone source/expert,0.9855220306513408,0.9857211759694184,0.8665598820184909,0.9332603938730852,0.9331273946360152,0.9418103448275862,0.9244444444444444,0.7152636718750003
snnrice6ma_rice_chen,53,Source control,best_standalone_source,Best standalone source/expert,0.8235930735930735,0.820351401294613,0.4796535601758807,0.7396226415094339,0.7396901344269765,0.7575757575757576,0.7218045112781954,0.4888369530439377
gue_emp_H3,53,Channel control,best_source,Best individual evidence channel,0.9542475143249852,0.9488827721720804,0.790230388489304,0.895123580494322,0.895098266721408,0.8980132450331125,0.8921832884097035,0.4858333742618561
gue_human_tf_0,53,Channel control,best_source,Best individual evidence channel,0.920524,0.9063299424669315,0.6992882000059332,0.846,0.8460000000000001,0.918,0.774,0.5356780290603638
gue_mouse_0,49,Channel control,best_source,Best individual evidence channel,0.8690504496265813,0.8760634918449464,0.5885121270043732,0.7888888888888889,0.788888888888889,0.6938271604938272,0.8839506172839506,0.5492013305425644
gue_prom_300_all,53,Channel control,best_source,Best individual evidence channel,0.9812320230105466,0.9806726773977872,0.856635658615861,0.9282094594594594,0.9281251426745194,0.9406040268456376,0.9156462585034012,0.479427754878999
gue_prom_core_all,53,Channel control,best_source,Best individual evidence channel,0.9121454845360448,0.912863821443394,0.6593606276925333,0.8293918918918919,0.8294454305729042,0.8096361185983828,0.8492547425474255,0.5382888615131378
ipromoter_hs_notata,53,Channel control,best_source,Best individual evidence channel,0.8989294624676472,0.9017086309573524,0.6351957597994401,0.8175971186004631,0.8175964084423843,0.8189766006685524,0.8162162162162162,0.4963470995426178
ipromoter_hs_tata,53,Channel control,best_source,Best individual evidence channel,0.9807129514321296,0.9793927104066036,0.8480290550774665,0.9236902050113897,0.9237339144873392,0.9045454545454544,0.9429223744292238,0.7418652343750001
ipromoter_mm_notata,53,Channel control,best_source,Best individual evidence channel,0.9309694050071432,0.932252588853282,0.7110924554198101,0.8551874319489812,0.8552114787983119,0.8331261653200746,0.8772967922765493,0.5156011748313903
ipromoter_mm_tata,53,Channel control,best_source,Best individual evidence channel,0.981111111111111,0.9829723754336852,0.8635190277139877,0.9310722100656456,0.9314750957854404,0.9051724137931034,0.9577777777777776,0.6193242540955541
snnrice6ma_rice_chen,53,Channel control,best_source,Best individual evidence channel,0.8869332421964001,0.8921628690574508,0.569019431606341,0.7811320754716982,0.7814137616769196,0.8560606060606061,0.706766917293233,0.4166729375720025
gue_emp_H3,53,Simple pooling,probability_mean,Probability mean,0.9403509398261368,0.935433183010276,0.754287631956666,0.8770875083500334,0.87714785526856,0.8701986754966887,0.8840970350404312,0.5237484187646418
gue_human_tf_0,53,Simple pooling,probability_mean,Probability mean,0.921388,0.9048921372690124,0.694708596837951,0.839,0.839,0.948,0.73,0.4788888600142563
gue_mouse_0,49,Simple pooling,probability_mean,Probability mean,0.8590397805212618,0.8588470047099371,0.5883574701909472,0.7925925925925926,0.7925925925925925,0.7407407407407407,0.8444444444444444,0.5085775899218052
gue_prom_300_all,53,Simple pooling,probability_mean,Probability mean,0.9749355111171986,0.9719965487864428,0.8485789407721476,0.9241554054054054,0.9240617723599508,0.9379194630872484,0.9102040816326532,0.5020242998772415
gue_prom_core_all,53,Simple pooling,probability_mean,Probability mean,0.9076250442844724,0.9084406669967402,0.6601860863840681,0.8300675675675676,0.8300471515496826,0.8376010781671159,0.8224932249322493,0.4693679967640837
ipromoter_hs_notata,53,Simple pooling,probability_mean,Probability mean,0.8836629598779252,0.8817938598381231,0.598973635394867,0.7994597375868279,0.7994630600184727,0.7930059141167395,0.805920205920206,0.5025691367051222
ipromoter_hs_tata,53,Simple pooling,probability_mean,Probability mean,0.9477272727272728,0.9470478344420836,0.7449096080809201,0.8724373576309795,0.8724470734744707,0.8681818181818182,0.8767123287671232,0.5175272239273728
ipromoter_mm_notata,53,Simple pooling,probability_mean,Probability mean,0.9261245381059784,0.925047375237413,0.6990321996811668,0.8494322600715508,0.8494198876260307,0.8607830950901181,0.8380566801619433,0.4830008739944688
ipromoter_mm_tata,53,Simple pooling,probability_mean,Probability mean,0.9634626436781608,0.9658875918019112,0.7986609978132699,0.899343544857768,0.899353448275862,0.8987068965517241,0.9,0.5333488890556134
snnrice6ma_rice_chen,53,Simple pooling,probability_mean,Probability mean,0.8282638414217363,0.8452887818601136,0.4821759489560371,0.7358490566037735,0.7354465709728868,0.6287878787878788,0.8421052631578947,0.5408622357976747
gue_emp_H3,53,Attention fusion,reliability_attention,Reliability attention,0.9442833937273524,0.9416870766513408,0.7556018388425418,0.8777555110220441,0.8776592706306563,0.8887417218543047,0.866576819407008,0.4509948754897777
gue_human_tf_0,53,Attention fusion,reliability_attention,Reliability attention,0.921916,0.9057869975529924,0.7017197510494805,0.845,0.845,0.936,0.754,0.5121832715905488
gue_mouse_0,49,Attention fusion,reliability_attention,Reliability attention,0.8672519433013259,0.8698883642271977,0.5976984744281221,0.7975308641975308,0.7975308641975309,0.7506172839506173,0.8444444444444444,0.5031525059091105
gue_prom_300_all,53,Attention fusion,reliability_attention,Reliability attention,0.9780399945212984,0.976758345495778,0.8519592874808641,0.9258445945945946,0.9257510386705016,0.9395973154362416,0.911904761904762,0.5201166553089731
gue_prom_core_all,53,Attention fusion,reliability_attention,Reliability attention,0.9098553609778012,0.9110248518142614,0.663186343821968,0.8315878378378379,0.8315934557593554,0.8295148247978437,0.8336720867208672,0.4800742115736762
ipromoter_hs_notata,53,Attention fusion,reliability_attention,Reliability attention,0.8922580369739024,0.892067582221137,0.6179575281675077,0.808978646771289,0.8089787947592011,0.8086911802519928,0.8092664092664092,0.4978965676021959
ipromoter_hs_tata,53,Attention fusion,reliability_attention,Reliability attention,0.9524439601494396,0.952206216706628,0.7451359748264582,0.8724373576309795,0.8724055624740557,0.8863636363636364,0.8584474885844748,0.4882954199075953
ipromoter_mm_notata,53,Attention fusion,reliability_attention,Reliability attention,0.9302423168958324,0.9297266511176308,0.707575038931166,0.8537875252760927,0.8537876906586066,0.8536357986326911,0.853939582684522,0.4907252927437972
ipromoter_mm_tata,53,Attention fusion,reliability_attention,Reliability attention,0.9664367816091954,0.9689294278356484,0.7965443619947751,0.8982494529540481,0.8980747126436781,0.9094827586206896,0.8866666666666667,0.5167134924035524
snnrice6ma_rice_chen,53,Attention fusion,reliability_attention,Reliability attention,0.8437571200729096,0.8589762632773268,0.4877915854109967,0.7433962264150943,0.7435064935064934,0.7727272727272727,0.7142857142857143,0.4717804729684188
gue_emp_H3,53,Matched architecture,source_self_attention,Source self-attention (Q=K=V),0.9544688598918264,0.9509300268981888,0.7617645697222611,0.8804275217100869,0.8801922493350708,0.9072847682119204,0.8530997304582211,0.4463441142439843
gue_human_tf_0,53,Matched architecture,source_self_attention,Source self-attention (Q=K=V),0.923516,0.90923430260939,0.6776998243081634,0.831,0.831,0.938,0.724,0.4863736428320408
gue_mouse_0,49,Matched architecture,source_self_attention,Source self-attention (Q=K=V),0.884517604023777,0.8995830972050007,0.6098431817073582,0.7925925925925926,0.7925925925925926,0.6518518518518519,0.9333333333333332,0.5372631728649141
gue_prom_300_all,53,Matched architecture,source_self_attention,Source self-attention (Q=K=V),0.9866368762270008,0.9871902361993936,0.8817510836968747,0.9408783783783784,0.9408711135460897,0.9419463087248322,0.939795918367347,0.4908023774623877
gue_prom_core_all,53,Matched architecture,source_self_attention,Source self-attention (Q=K=V),0.9256186928867268,0.9263778229131044,0.6997044922999074,0.8498310810810811,0.8498130921336168,0.8564690026954178,0.8431571815718157,0.4766421467065813
ipromoter_hs_notata,53,Matched architecture,source_self_attention,Source self-attention (Q=K=V),0.929328307111799,0.9331889037720592,0.6951612792002247,0.8475688191407255,0.847566594622393,0.8518899460015428,0.8432432432432433,0.5033956110477448
ipromoter_hs_tata,53,Matched architecture,source_self_attention,Source self-attention (Q=K=V),0.9878320880033208,0.9886331455311164,0.877447704841623,0.938496583143508,0.938532586135326,0.9227272727272728,0.954337899543379,0.5802321565151215
ipromoter_mm_notata,53,Matched architecture,source_self_attention,Source self-attention (Q=K=V),0.9527847581118276,0.954584359383367,0.7600983832667453,0.8780525742728262,0.8781079798912184,0.8272218769422002,0.9289940828402368,0.5659667575359344
ipromoter_mm_tata,53,Matched architecture,source_self_attention,Source self-attention (Q=K=V),0.9909913793103448,0.9910941385616197,0.9103329435451812,0.9551422319474836,0.9552155172413792,0.9504310344827588,0.96,0.5260908007621765
snnrice6ma_rice_chen,53,Matched architecture,source_self_attention,Source self-attention (Q=K=V),0.8708703577124629,0.8658816236209534,0.5838084951365223,0.7886792452830189,0.7883914331282753,0.7121212121212122,0.8646616541353384,0.6157707977294924
gue_emp_H3,53,Matched architecture,anchor_query_qkv,Anchor-query cross-attention,0.95459024294461,0.9507848142908576,0.765064075167482,0.8824315297261189,0.8823066350118706,0.8966887417218543,0.8679245283018868,0.4716190171241761
gue_human_tf_0,53,Matched architecture,anchor_query_qkv,Anchor-query cross-attention,0.923948,0.9095879490715254,0.6881866079362604,0.837,0.837,0.938,0.736,0.4925919401645661
gue_mouse_0,49,Matched architecture,anchor_query_qkv,Anchor-query cross-attention,0.8842371589696694,0.899157879683088,0.6178457140585827,0.7987654320987654,0.7987654320987654,0.671604938271605,0.925925925925926,0.5186451491713524
gue_prom_300_all,53,Matched architecture,anchor_query_qkv,Anchor-query cross-attention,0.9866655252705108,0.9872283609628408,0.8801077663660001,0.9400337837837838,0.9399933799022964,0.945973154362416,0.9340136054421768,0.4544098600745203
gue_prom_core_all,53,Matched architecture,anchor_query_qkv,Anchor-query cross-attention,0.9255102073426396,0.9263455807795912,0.6948362127784321,0.8472972972972973,0.8472587454985062,0.8615229110512129,0.8329945799457995,0.4667936712503437
ipromoter_hs_notata,53,Matched architecture,anchor_query_qkv,Anchor-query cross-attention,0.9294242778943216,0.9333340132385038,0.6992136802038598,0.8494983277591973,0.8495046418420036,0.8372332219079455,0.8617760617760618,0.5268077683448792
ipromoter_hs_tata,53,Matched architecture,anchor_query_qkv,Anchor-query cross-attention,0.9880292652552928,0.988712102759672,0.8884368428327006,0.9441913439635536,0.9441780821917808,0.95,0.9383561643835616,0.4891621172428131
ipromoter_mm_notata,53,Matched architecture,anchor_query_qkv,Anchor-query cross-attention,0.9527439180768252,0.9545355921621672,0.7607621087299069,0.8789858453880852,0.8790321066548159,0.836544437538844,0.921519775770788,0.5385238027572634
ipromoter_mm_tata,53,Matched architecture,anchor_query_qkv,Anchor-query cross-attention,0.9908908045977012,0.99110681008525,0.9146519398891604,0.9573304157549234,0.9572701149425288,0.961206896551724,0.9533333333333334,0.4614652422070506
snnrice6ma_rice_chen,53,Matched architecture,anchor_query_qkv,Anchor-query cross-attention,0.8656299840510366,0.8619311123371328,0.5520543157813823,0.7735849056603774,0.7733253588516746,0.7045454545454546,0.8421052631578947,0.5788464593887329
gue_emp_H3,53,Formal fusion,choquet_integral,Choquet integral,0.9477178201031756,0.9469953198425216,0.7555057723149777,0.8777555110220441,0.8777056817978972,0.8834437086092716,0.871967654986523,0.5167413400783398
gue_human_tf_0,53,Formal fusion,choquet_integral,Choquet integral,0.9205,0.905752871256229,0.678105845632274,0.834,0.8340000000000001,0.92,0.748,0.5121374780869069
gue_mouse_0,49,Formal fusion,choquet_integral,Choquet integral,0.8860234720317026,0.8950450184351048,0.6291579843995825,0.8061728395061728,0.8061728395061728,0.691358024691358,0.9209876543209876,0.595622041708912
gue_prom_300_all,53,Formal fusion,choquet_integral,Choquet integral,0.982784664201251,0.98275232872655,0.8655810824075761,0.9327702702702704,0.9327283933707712,0.9389261744966444,0.926530612244898,0.5914331365877259
gue_prom_core_all,53,Formal fusion,choquet_integral,Choquet integral,0.9156634749888604,0.9164634480087758,0.6750206134355082,0.8373310810810811,0.8373723511493876,0.8221024258760108,0.8526422764227642,0.5059272183882652
ipromoter_hs_notata,53,Formal fusion,choquet_integral,Choquet integral,0.9118443499518328,0.9136459640559336,0.6650673358204907,0.8325186519166452,0.8325209902993396,0.827976343533042,0.8370656370656371,0.5079928225886086
ipromoter_hs_tata,53,Formal fusion,choquet_integral,Choquet integral,0.9696710253217102,0.970211058335241,0.8088550169056299,0.9043280182232346,0.9043015774180158,0.9159090909090908,0.8926940639269406,0.5551820413495324
ipromoter_mm_notata,53,Formal fusion,choquet_integral,Choquet integral,0.9443834209587576,0.9446136918588048,0.7488167083686973,0.8741639446259138,0.8741832718829521,0.8564325668116842,0.8919339769542198,0.548107742485416
ipromoter_mm_tata,53,Formal fusion,choquet_integral,Choquet integral,0.981111111111111,0.9832730605459415,0.847117399482016,0.9234135667396062,0.92316091954023,0.9396551724137931,0.9066666666666666,0.572596844637986
snnrice6ma_rice_chen,53,Formal fusion,choquet_integral,Choquet integral,0.8729209387104123,0.882752849837896,0.5467943677537801,0.769811320754717,0.7701070858965595,0.8484848484848485,0.6917293233082706,0.4582106265360088
gue_emp_H3,53,Learned fusion,raw_score_logistic_l2,Raw-score logistic (L2),0.9560111386801378,0.9582182340770794,0.7877542644225656,0.8937875751503006,0.8938665857446315,0.8847682119205298,0.9029649595687332,0.5005223691463471
gue_human_tf_0,53,Learned fusion,raw_score_logistic_l2,Raw-score logistic (L2),0.922632,0.9095321747802332,0.6877423453963689,0.838,0.8380000000000001,0.93,0.746,0.4978953771293163
gue_mouse_0,49,Learned fusion,raw_score_logistic_l2,Raw-score logistic (L2),0.8999908550525835,0.9125248049910658,0.6652935103855545,0.825925925925926,0.825925925925926,0.725925925925926,0.925925925925926,0.6071716317534449
gue_prom_300_all,53,Learned fusion,raw_score_logistic_l2,Raw-score logistic (L2),0.9848028808838972,0.9845016646411086,0.8756371570838788,0.9376689189189188,0.9375736200520476,0.9516778523489932,0.923469387755102,0.4700906574726117
gue_prom_core_all,53,Learned fusion,raw_score_logistic_l2,Raw-score logistic (L2),0.9247387101987598,0.9259603913856406,0.6954144303370916,0.8474662162162162,0.8475139518915404,0.8298517520215634,0.8651761517615176,0.5172319933772087
ipromoter_hs_notata,53,Learned fusion,raw_score_logistic_l2,Raw-score logistic (L2),0.9286545260317436,0.931745897422168,0.6951407850313591,0.8475688191407255,0.8475695068392419,0.846232964772435,0.8489060489060489,0.4963714778423309
ipromoter_hs_tata,53,Learned fusion,raw_score_logistic_l2,Raw-score logistic (L2),0.9874896222498962,0.9885286326591538,0.8804938390405233,0.9396355353075172,0.939694894146949,0.9136363636363636,0.9657534246575342,0.60871254324913
ipromoter_mm_notata,53,Learned fusion,raw_score_logistic_l2,Raw-score logistic (L2),0.9518278238319604,0.953457883404823,0.7623386026854552,0.8808523876186032,0.8808742632099609,0.8607830950901181,0.9009654313298038,0.5598102259635926
ipromoter_mm_tata,53,Learned fusion,raw_score_logistic_l2,Raw-score logistic (L2),0.9903927203065136,0.9909890668840948,0.9058913400284436,0.9529540481400438,0.9529597701149426,0.9525862068965516,0.9533333333333334,0.4739523631334306
snnrice6ma_rice_chen,53,Learned fusion,raw_score_logistic_l2,Raw-score logistic (L2),0.8819207108680793,0.8919849485175163,0.5724097168317861,0.7849056603773585,0.7847174755069493,0.7348484848484849,0.8345864661654135,0.5554666304588318
gue_emp_H3,53,Learned fusion,xgboost_stacking,XGBoost stacking,0.9551561021759698,0.9536123827423676,0.7853310068203495,0.8924515698062793,0.8922868210135485,0.9112582781456954,0.8733153638814016,0.4641365724802017
gue_human_tf_0,53,Learned fusion,xgboost_stacking,XGBoost stacking,0.924032,0.9098608641102532,0.6908033745759942,0.842,0.8420000000000001,0.912,0.772,0.5031911799311638
gue_mouse_0,49,Learned fusion,xgboost_stacking,XGBoost stacking,0.8969669257735102,0.908897380393686,0.6412562079579887,0.8098765432098766,0.8098765432098765,0.6814814814814815,0.9382716049382716,0.5636943462491036
gue_prom_300_all,53,Learned fusion,xgboost_stacking,XGBoost stacking,0.9869072729763048,0.9875023863664444,0.8719483090830742,0.9356418918918918,0.9355031274254668,0.9560402684563758,0.9149659863945578,0.4253584370017055
gue_prom_core_all,53,Learned fusion,xgboost_stacking,XGBoost stacking,0.9242896451033245,0.9248518815640242,0.6960116285319203,0.847972972972973,0.8479892110241857,0.8419811320754716,0.8539972899728997,0.4887787662446503
ipromoter_hs_notata,53,Learned fusion,xgboost_stacking,XGBoost stacking,0.9277309561701436,0.9317278231884254,0.6931987105639009,0.8465397478775405,0.8465348756169018,0.8560041141681666,0.8370656370656371,0.4708203834295273
ipromoter_hs_tata,53,Learned fusion,xgboost_stacking,XGBoost stacking,0.9888594852635948,0.989853624297556,0.8883849927775002,0.9441913439635536,0.9441936488169363,0.9431818181818182,0.9452054794520548,0.4447069057822229
ipromoter_mm_notata,53,Learned fusion,xgboost_stacking,XGBoost stacking,0.9519432308029094,0.9533157742299948,0.7647610342448768,0.8819412039197387,0.8819669760896112,0.858297078931013,0.9056368732482092,0.5085630202293399
ipromoter_mm_tata,53,Learned fusion,xgboost_stacking,XGBoost stacking,0.991264367816092,0.9915846530081098,0.9147681489227338,0.9573304157549234,0.9574377394636016,0.9504310344827588,0.9644444444444444,0.513022708296776
snnrice6ma_rice_chen,53,Learned fusion,xgboost_stacking,XGBoost stacking,0.8816359079516974,0.890516132853485,0.5780174281478649,0.7886792452830189,0.7887616769195716,0.8106060606060606,0.7669172932330827,0.5078796422481537
gue_emp_H3,53,Learned fusion,super_learner_rank_mean,Super Learner rank mean,0.955136466682137,0.9539088275329806,0.7786797654496341,0.8891115564462257,0.8889407543599721,0.9086092715231788,0.8692722371967655,0.4736653588712216
gue_human_tf_0,53,Learned fusion,super_learner_rank_mean,Super Learner rank mean,0.924546,0.9122029172977646,0.6913300156658284,0.845,0.845,0.876,0.814,0.4702220448851585
gue_mouse_0,49,Learned fusion,super_learner_rank_mean,Super Learner rank mean,0.8974455113549764,0.9086504798392654,0.6588808530175931,0.825925925925926,0.825925925925926,0.7530864197530864,0.8987654320987655,0.5635906654596329
gue_prom_300_all,53,Learned fusion,super_learner_rank_mean,Super Learner rank mean,0.9871440556088208,0.9876632080115983,0.8791698924279993,0.9395270270270272,0.9394649134821712,0.9486577181208052,0.9302721088435374,0.4903057813644409
gue_prom_core_all,53,Learned fusion,super_learner_rank_mean,Super Learner rank mean,0.9251177533254444,0.925964685703064,0.6909967639717955,0.8454391891891891,0.8454111242594906,0.8557951482479784,0.8350271002710027,0.4893772527575493
ipromoter_hs_notata,53,Learned fusion,super_learner_rank_mean,Super Learner rank mean,0.9298824225540606,0.9338112821601522,0.7013826444572968,0.8505273990223823,0.8505351694860566,0.8354332733350476,0.8656370656370657,0.5145877057313919
ipromoter_hs_tata,53,Learned fusion,super_learner_rank_mean,Super Learner rank mean,0.988057804068078,0.988953780658312,0.8861433406504154,0.9430523917995444,0.9430624740556248,0.9386363636363636,0.9474885844748858,0.5049111819267272
ipromoter_mm_notata,53,Learned fusion,super_learner_rank_mean,Super Learner rank mean,0.9532601767657362,0.9547816473069746,0.767379862972778,0.8834966557785037,0.8835136230549934,0.867930391547545,0.8990968545624416,0.5153073751926422
ipromoter_mm_tata,53,Learned fusion,super_learner_rank_mean,Super Learner rank mean,0.9908117816091956,0.9914948790668288,0.8950516338537858,0.9474835886214442,0.947337164750958,0.956896551724138,0.9377777777777778,0.4849770380556584
snnrice6ma_rice_chen,53,Learned fusion,super_learner_rank_mean,Super Learner rank mean,0.88018341307815,0.8889768181397755,0.5773524720893142,0.7886792452830189,0.7886762360446571,0.7878787878787878,0.7894736842105263,0.5063444793224334
gue_emp_H3,53,Matched baseline,aligned_score_logistic_l2,Aligned-score logistic (L2),0.9561075311044072,0.9531109854591931,0.7876171037808405,0.8937875751503006,0.8937157494510987,0.9019867549668874,0.8854447439353099,0.4815841148793703
gue_human_tf_0,53,Matched baseline,aligned_score_logistic_l2,Aligned-score logistic (L2),0.923572,0.9097035616096218,0.6835370249067869,0.834,0.834,0.94,0.728,0.4926036727428437
gue_mouse_0,49,Matched baseline,aligned_score_logistic_l2,Aligned-score logistic (L2),0.8996555403139765,0.9119118987218529,0.6677265524170372,0.828395061728395,0.828395061728395,0.7382716049382716,0.9185185185185184,0.573349076509476
gue_prom_300_all,53,Matched baseline,aligned_score_logistic_l2,Aligned-score logistic (L2),0.9868724603935534,0.9874611580217998,0.8794843532405099,0.939695945945946,0.9396395470940052,0.947986577181208,0.9312925170068028,0.4530996978282932
gue_prom_core_all,53,Matched baseline,aligned_score_logistic_l2,Aligned-score logistic (L2),0.92523907908385,0.9262111928196785,0.6953648105325074,0.8476351351351351,0.8476550230461873,0.8402964959568733,0.8550135501355014,0.4831245578825475
ipromoter_hs_notata,53,Matched baseline,aligned_score_logistic_l2,Aligned-score logistic (L2),0.929437051936409,0.9331510289667846,0.703260238784125,0.8514278363776692,0.8514364675074368,0.8346618668038056,0.8682110682110682,0.5057410156726837
ipromoter_hs_tata,53,Matched baseline,aligned_score_logistic_l2,Aligned-score logistic (L2),0.9886052303860524,0.9892088401480033,0.8889097687685007,0.9441913439635536,0.9442299709422995,0.9272727272727272,0.9611872146118722,0.5804462909698482
ipromoter_mm_notata,53,Matched baseline,aligned_score_logistic_l2,Aligned-score logistic (L2),0.953557089626844,0.9551344910024272,0.7637580461688227,0.8816301135479857,0.8816494496563341,0.8638906152889994,0.8994082840236687,0.5412670731544496
ipromoter_mm_tata,53,Matched baseline,aligned_score_logistic_l2,Aligned-score logistic (L2),0.991264367816092,0.9916941337920018,0.9080895748956782,0.9540481400437636,0.9540708812260535,0.9525862068965516,0.9555555555555556,0.4880371543765072
snnrice6ma_rice_chen,53,Matched baseline,aligned_score_logistic_l2,Aligned-score logistic (L2),0.8809523809523809,0.8890271951235909,0.5702725193821129,0.7849056603773585,0.7849737981316929,0.803030303030303,0.7669172932330827,0.5016297894716263
gue_emp_H3,53,Matched baseline,sparse_aligned_control,Sparse aligned-evidence decision,0.955241784330876,0.951704803825195,0.7866335907339573,0.8931195724782899,0.8929606754609878,0.9112582781456954,0.8746630727762803,0.4303330028057099
gue_human_tf_0,53,Matched baseline,sparse_aligned_control,Sparse aligned-evidence decision,0.923892,0.9096866078730428,0.6871618150347321,0.84,0.8400000000000001,0.912,0.768,0.5079689371585847
gue_mouse_0,49,Matched baseline,sparse_aligned_control,Sparse aligned-evidence decision,0.8993629019966469,0.9116703658186376,0.6624348904908103,0.8246913580246914,0.8246913580246914,0.725925925925926,0.9234567901234568,0.588956418633461
gue_prom_300_all,53,Matched baseline,sparse_aligned_control,Sparse aligned-evidence decision,0.9868563667077572,0.9873834393327826,0.8788805035300586,0.9393581081081082,0.9392857142857144,0.95,0.9285714285714286,0.4573580771684654
gue_prom_core_all,53,Matched baseline,sparse_aligned_control,Sparse aligned-evidence decision,0.925203354754235,0.9260557408595942,0.6956204932305072,0.847804054054054,0.8477924418732058,0.852088948787062,0.8434959349593496,0.4609980620443822
ipromoter_hs_notata,53,Matched baseline,sparse_aligned_control,Sparse aligned-evidence decision,0.9304474257161324,0.9343286867656736,0.702138417362567,0.8509133007460766,0.8509208727516776,0.8362046798662895,0.8656370656370657,0.5079851400852206
ipromoter_hs_tata,53,Matched baseline,sparse_aligned_control,Sparse aligned-evidence decision,0.9878113325031134,0.9884554156935982,0.874717531350154,0.9373576309794988,0.9373599003735992,0.9363636363636364,0.9383561643835616,0.498056948184967
ipromoter_mm_notata,53,Matched baseline,sparse_aligned_control,Sparse aligned-evidence decision,0.9533947456488427,0.9549893827377676,0.7673863263512407,0.8836522009643801,0.8836598536068622,0.8766314481044126,0.8906882591093117,0.5130396294593812
ipromoter_mm_tata,53,Matched baseline,sparse_aligned_control,Sparse aligned-evidence decision,0.9902969348659004,0.9911382020103024,0.8971402225708527,0.948577680525164,0.948515325670498,0.9525862068965516,0.9444444444444444,0.4376164379715921
snnrice6ma_rice_chen,53,Matched baseline,sparse_aligned_control,Sparse aligned-evidence decision,0.8845408976987924,0.89261125287288,0.5398991206424848,0.7622641509433963,0.7627022100706311,0.8787878787878788,0.6466165413533834,0.3516634047031403
gue_emp_H3,53,Complete method,mucff,MuCFF,0.9557487370807376,0.9528777505693168,0.7875763263555277,0.8937875751503006,0.8937389550347191,0.8993377483443709,0.8881401617250674,0.4908495913445951
gue_human_tf_0,53,Complete method,mucff,MuCFF,0.923996,0.9097714150340176,0.6861856127059405,0.839,0.839,0.916,0.762,0.4947865843772889
gue_mouse_0,49,Complete method,mucff,MuCFF,0.8994238683127572,0.9115595742621868,0.6665347970843922,0.828395061728395,0.828395061728395,0.7432098765432099,0.9135802469135802,0.5579126328229905
gue_prom_300_all,53,Complete method,mucff,MuCFF,0.986897456969365,0.9874153098237508,0.8789440097361544,0.9393581081081082,0.9392743003241564,0.9516778523489932,0.9268707482993196,0.459003128111364
gue_prom_core_all,53,Complete method,mucff,MuCFF,0.9251652335846134,0.9259987850270854,0.6939161987933751,0.8469594594594595,0.8469565153872562,0.8480458221024259,0.8458672086720868,0.4753526747226716
ipromoter_hs_notata,53,Complete method,mucff,MuCFF,0.9306475413443788,0.9345053929220062,0.7024698090994773,0.8510419346539748,0.8510503671213365,0.8346618668038056,0.8674388674388674,0.5076077747344973
ipromoter_hs_tata,53,Complete method,mucff,MuCFF,0.9885066417600664,0.9890200679301068,0.8793866228968332,0.9396355353075172,0.9396533831465338,0.9318181818181818,0.9474885844748858,0.501937608718872
ipromoter_mm_notata,53,Complete method,mucff,MuCFF,0.9534932165863188,0.955062060469664,0.7694818765623206,0.8847410172655157,0.8847410499837511,0.884711000621504,0.8847710993459982,0.4975652223825454
ipromoter_mm_tata,53,Complete method,mucff,MuCFF,0.9909674329501916,0.9915540887588336,0.8993217897508938,0.949671772428884,0.9496264367816092,0.9525862068965516,0.9466666666666668,0.4588098967075348
snnrice6ma_rice_chen,53,Complete method,mucff,MuCFF,0.8846548188653452,0.8927166645567698,0.5398991206424848,0.7622641509433963,0.7627022100706311,0.8787878787878788,0.6466165413533834,0.3509066104888916
