comparison_group,benchmark_family,sequence_identity,evaluation_identity,training_and_selection,comparison_level,permitted_interpretation
matched_fusion_controls,All primary tasks,Identical saved manifests,Identical OOF folds and evaluation samples,Identical OOF ledger and fold-local fitting,Fully matched,Direct comparison of fusion operators
matched_single_source_controls,All primary tasks,Identical saved manifests,Identical OOF folds and evaluation samples,Identical source-training and selection interface,Fully matched,Direct comparison with individual evidence sources
iPromoter-SeqVec rerun,iPromoter,Same fixed seed-42 manifests,Same fixed evaluation samples,Architecture-matched implementation trained on the 70% training partition with development-loss checkpoint selection and three seeds,Architecture-matched fixed-split rerun,Direct task-level comparison on identical evaluation samples
SNNRice6mA rerun,Rice 6mA,Same fixed seed-42 manifest,Same fixed evaluation samples,Architecture-matched sequence implementation trained on the 70% training partition with development-accuracy checkpoint selection and three seeds,Architecture-matched fixed-split rerun,Direct task-level comparison on identical evaluation samples
SNNRice6mA-feature rerun,Rice 6mA,Same fixed seed-42 manifest,Same fixed evaluation samples,Architecture-matched feature implementation trained on the 70% training partition with development-accuracy checkpoint selection and three seeds,Architecture-matched fixed-split rerun,Direct task-level comparison on identical evaluation samples
GUE published models,GUE,Released benchmark files,Same released test sets,Published train/dev checkpoint procedures and study-specific budgets,Same-test literature context,Task-level context without a fully controlled rank claim
iPromoter published values,iPromoter,Dataset-defining public collection,Study-specific published partitions,Source-study training and checkpoint procedures,Protocol-specific literature context,Context within each reported task and metric
Rice 6mA published values,Rice 6mA,Released benchmark collection,Source-stated jackknife or cross-validation folds,Source-study validation and aggregation procedures,Protocol-specific literature context,Context stratified by validation protocol
iEnhancer published values,iEnhancer,Original uncorrected released files,Same released independent tests,Source-study training and model-selection procedures,Same-test auxiliary context,Auxiliary task-level context without inclusion in primary aggregates
