run_task_id,evaluation_task,stage,n_sources,auc,auprc,mcc,accuracy,balanced_accuracy,sensitivity,specificity,oof_auc,threshold,n_test
gue_emp_H3,gue_emp_H3,base_evidence,28,0.9465004194855502,0.9399540214119408,0.7623041827161188,0.8810955243820975,0.8811561735777655,0.8741721854304636,0.8881401617250674,0.9475689087590068,0.5214732557535172,1497
gue_emp_H3,gue_emp_H3,foundation_interactions,33,0.9485550061584049,0.9427926123712825,0.7622387238671908,0.8810955243820975,0.8811329679941451,0.8768211920529801,0.8854447439353099,0.9501365395547101,0.5207964569330218,1497
gue_emp_H3,gue_emp_H3,local_foundation_fusion,39,0.9514717695150033,0.9478091631495602,0.7573530895218066,0.8784235136940548,0.878240302743614,0.8993377483443709,0.8571428571428571,0.9525844328706129,0.46273688673973096,1497
gue_emp_H3,gue_emp_H3,rc_grammar_1,40,0.9520090680280608,0.948581327988391,0.7638776644032984,0.8810955243820975,0.8807848842398387,0.9165562913907285,0.8450134770889488,0.9527805548455759,0.4283928126096726,1497
gue_emp_H3,gue_emp_H3,rc_grammar_2,41,0.9521768622480856,0.9490217873385091,0.767333436361709,0.8830995323981295,0.8828412559575873,0.9125827814569536,0.8530997304582211,0.9527754569591736,0.44653791189193726,1497
gue_emp_H3,gue_emp_H3,rc_grammar_3,42,0.9523446564681102,0.9494508769630782,0.7603686050013134,0.8790915163660654,0.8787401153139001,0.919205298013245,0.8382749326145552,0.9529179603426339,0.42561669051647194,1497
gue_emp_H3,gue_emp_H3,biophysical_grammar,43,0.952774852287535,0.9501456317816086,0.7614048026064454,0.8790915163660654,0.8786704985630389,0.9271523178807947,0.8301886792452831,0.9529409497152865,0.4085320070385933,1497
gue_emp_H3,gue_emp_H3,position_aware_grammar,44,0.9529658520911801,0.9501067488381516,0.7597333136700305,0.8777555110220441,0.8772763785009193,0.9324503311258279,0.8221024258760108,0.9530343876879759,0.3966892898082733,1497
gue_emp_H3,gue_emp_H3,reliability_routed_l2,44,0.9529033755198943,0.9501541871617594,0.7653399747768592,0.8810955243820975,0.8806804591135466,0.928476821192053,0.8328840970350404,0.9530845285432753,0.4371763110160828,1497
gue_emp_H3,gue_emp_H3,mucff_dual_decision,44,0.9527730672426411,0.9505128496127592,0.7643430177233882,0.8817635270541082,0.8815399582299495,0.9072847682119205,0.8557951482479784,0.9532688345952349,0.4822497115710033,1497
gue_human_tf_0,gue_human_tf_0,base_evidence,28,0.919976,0.9078367058664173,0.6737572360571497,0.831,0.831,0.924,0.738,0.8868278728126546,0.4765439307689667,1000
gue_human_tf_0,gue_human_tf_0,foundation_interactions,33,0.921572,0.910458367974714,0.6831582906642856,0.836,0.8360000000000001,0.926,0.746,0.8871907820559981,0.47005205988883975,1000
gue_human_tf_0,gue_human_tf_0,local_foundation_fusion,39,0.922868,0.9112938095384645,0.6790726042432376,0.837,0.837,0.898,0.776,0.8886686320560698,0.5080793142318727,1000
gue_human_tf_0,gue_human_tf_0,rc_grammar_1,40,0.9237639999999999,0.912120340692463,0.6794147716688429,0.837,0.837,0.9,0.774,0.8893528855345575,0.509066766500473,1000
gue_human_tf_0,gue_human_tf_0,rc_grammar_2,41,0.9242039999999999,0.9127211781153836,0.6758530792235963,0.834,0.8340000000000001,0.91,0.758,0.8899418105910639,0.48669566586613655,1000
gue_human_tf_0,gue_human_tf_0,rc_grammar_3,42,0.924308,0.9122161386744507,0.6760974990062347,0.835,0.835,0.902,0.768,0.8906074745693958,0.5017517542839051,1000
gue_human_tf_0,gue_human_tf_0,biophysical_grammar,43,0.9243960000000001,0.9121472417384776,0.6748205587819442,0.831,0.831,0.928,0.734,0.8909790241910447,0.4550035358965397,1000
gue_human_tf_0,gue_human_tf_0,position_aware_grammar,44,0.924324,0.9117031183136622,0.6816067829942152,0.838,0.8380000000000001,0.902,0.774,0.8912862164442352,0.5176782533526421,1000
gue_human_tf_0,gue_human_tf_0,reliability_routed_l2,44,0.9249120000000001,0.9120889832566988,0.6807703547174105,0.836,0.8360000000000001,0.916,0.756,0.8915137375032542,0.507028181552887,1000
gue_human_tf_0,gue_human_tf_0,mucff_dual_decision,44,0.9250160000000001,0.9124622219906494,0.6836888759905564,0.833,0.833,0.946,0.72,0.8915866684773879,0.4336138197678382,1000
gue_mouse_0,gue_mouse_0,base_evidence,24,0.8614235634811768,0.8664326488424705,0.5803628401981415,0.7864197530864198,0.7864197530864198,0.7061728395061728,0.8666666666666667,0.856459919392021,0.5409311696887016,810
gue_mouse_0,gue_mouse_0,foundation_interactions,29,0.8634415485444293,0.8673895746831194,0.5730509128270517,0.7864197530864198,0.7864197530864198,0.7728395061728395,0.8,0.8570455153983583,0.45783169612288477,810
gue_mouse_0,gue_mouse_0,local_foundation_fusion,35,0.8658070416095107,0.8699072337166713,0.5661546470640978,0.7777777777777778,0.7777777777777778,0.6814814814814815,0.8740740740740741,0.8642807978365499,0.562204003930092,810
gue_mouse_0,gue_mouse_0,rc_grammar_1,36,0.8872915714067977,0.8962892302703136,0.6357886809756281,0.808641975308642,0.808641975308642,0.6888888888888889,0.928395061728395,0.8802809564483762,0.5834001192450524,810
gue_mouse_0,gue_mouse_0,rc_grammar_2,37,0.8931748209114465,0.9040161400635179,0.6504561293754139,0.8197530864197531,0.8197530864197531,0.7283950617283951,0.9111111111111111,0.8846699000983793,0.5324305221438408,810
gue_mouse_0,gue_mouse_0,rc_grammar_3,38,0.8953269318701418,0.905647923429102,0.6343976082724261,0.8135802469135802,0.8135802469135802,0.7382716049382716,0.8888888888888888,0.8868937541922755,0.5111317995190621,810
gue_mouse_0,gue_mouse_0,biophysical_grammar,39,0.8960341411370218,0.9070317269530919,0.6319037156040984,0.8049382716049382,0.8049382716049382,0.674074074074074,0.9358024691358025,0.8880192881131398,0.5915258938074113,810
gue_mouse_0,gue_mouse_0,position_aware_grammar,40,0.8965523548239598,0.9075825385878772,0.6501732033313374,0.8185185185185185,0.8185185185185185,0.7185185185185186,0.9185185185185185,0.8879946479946995,0.5510950648784639,810
gue_mouse_0,gue_mouse_0,reliability_routed_l2,40,0.8968571864045114,0.9076284685044987,0.6323239486489097,0.8061728395061728,0.8061728395061729,0.6814814814814815,0.9308641975308642,0.8878651563084281,0.5652824592590333,810
gue_mouse_0,gue_mouse_0,mucff_dual_decision,40,0.8980765127267185,0.9090587799015922,0.6328506703258854,0.8074074074074075,0.8074074074074074,0.6888888888888889,0.9259259259259259,0.8875297266109753,0.5594774152346204,810
gue_prom_300_all,gue_prom_300_all,base_evidence,28,0.9725732776332009,0.9713128988030393,0.822984512967321,0.9111486486486486,0.9110007761493859,0.9328859060402684,0.8891156462585034,0.9752826484701493,0.4347415506839753,5920
gue_prom_300_all,gue_prom_300_all,foundation_interactions,33,0.9750122129388668,0.9740209938620933,0.8307557856293581,0.9153716216216217,0.9153871615760398,0.9130872483221476,0.917687074829932,0.9773917628207014,0.5238821342587472,5920
gue_prom_300_all,gue_prom_300_all,local_foundation_fusion,39,0.9829934826279505,0.9834539044049115,0.8582619310150214,0.9290540540540541,0.9291124503492673,0.9204697986577182,0.9377551020408164,0.9834890317777628,0.5222777128219604,5920
gue_prom_300_all,gue_prom_300_all,rc_grammar_1,40,0.9842130073505914,0.9845398132780303,0.8643016110306457,0.9320945945945946,0.932143998539013,0.9248322147651007,0.9394557823129251,0.984362125603709,0.5293875336647034,5920
gue_prom_300_all,gue_prom_300_all,rc_grammar_2,41,0.9842136921882847,0.984504291774415,0.867223414383965,0.9336148648648649,0.9336106925991874,0.934228187919463,0.9329931972789116,0.9846192050733441,0.49100503847002996,5920
gue_prom_300_all,gue_prom_300_all,rc_grammar_3,42,0.9844544126375384,0.9846620678146504,0.8726864801415112,0.9361486486486487,0.9360407250148381,0.952013422818792,0.9200680272108843,0.9850252212241509,0.4356585428118708,5920
gue_prom_300_all,gue_prom_300_all,biophysical_grammar,43,0.9846429712824727,0.9848911341631721,0.8737187476110915,0.9368243243243243,0.9367735013468474,0.9442953020134228,0.9292517006802721,0.9851723787129844,0.46814764738082904,5920
gue_prom_300_all,gue_prom_300_all,position_aware_grammar,44,0.9854845226681278,0.9860370102895573,0.876687981464363,0.9383445945945946,0.9383497694379765,0.9375838926174497,0.9391156462585034,0.986079989762126,0.49675286710262373,5920
gue_prom_300_all,gue_prom_300_all,reliability_routed_l2,44,0.9855342875405194,0.9860946796603158,0.877378495459281,0.9386824324324324,0.9386990366616446,0.9362416107382551,0.941156462585034,0.9860730558170466,0.49637752175331135,5920
gue_prom_300_all,gue_prom_300_all,mucff_dual_decision,44,0.9857148564123636,0.9862809753763404,0.8770292250767459,0.9385135135135135,0.9385221202574989,0.937248322147651,0.939795918367347,0.9862244905020987,0.49747318992655154,5920
gue_prom_core_all,gue_prom_core_all,base_evidence,28,0.9029590816039561,0.9038260848677604,0.6453190460256203,0.8226351351351351,0.8226146648258936,0.8301886792452831,0.8150406504065041,0.9035112595947301,0.4760308310389519,5920
gue_prom_core_all,gue_prom_core_all,foundation_interactions,33,0.9044960267240814,0.905224702425667,0.6460435248062072,0.8222972972972973,0.8223845681853045,0.7900943396226415,0.8546747967479674,0.9046678261188451,0.5439922660589218,5920
gue_prom_core_all,gue_prom_core_all,local_foundation_fusion,39,0.9117093737901665,0.913132381648669,0.6643158369408725,0.8319256756756757,0.8319732978327088,0.8143530997304582,0.8495934959349594,0.9125557553416124,0.5183356255292892,5920
gue_prom_core_all,gue_prom_core_all,rc_grammar_1,40,0.9214447672188987,0.9221680865937685,0.688759890609535,0.8442567567567567,0.844290316218526,0.8318733153638814,0.8567073170731707,0.9214285191292977,0.4946496784687042,5920
gue_prom_core_all,gue_prom_core_all,rc_grammar_2,41,0.9222220281923168,0.9230609297281278,0.6888536622575709,0.8444256756756757,0.8444176911445664,0.8473719676549866,0.8414634146341463,0.9229989619759909,0.46301515027880685,5920
gue_prom_core_all,gue_prom_core_all,rc_grammar_3,42,0.9223630993469638,0.9232084961729979,0.6893995648414653,0.8445945945945946,0.8446254172784315,0.8332210242587601,0.856029810298103,0.9232158747745273,0.48501106947660466,5920
gue_prom_core_all,gue_prom_core_all,biophysical_grammar,43,0.9225887447132559,0.923449046329867,0.6859583779007778,0.8420608108108109,0.8421569003425884,0.8066037735849056,0.877710027100271,0.9239556745652886,0.5390279412269592,5920
gue_prom_core_all,gue_prom_core_all,position_aware_grammar,44,0.9232891926712392,0.9240858901511302,0.6888233335730477,0.8440878378378378,0.8441437665724366,0.8234501347708895,0.8648373983739838,0.9249487781486301,0.507342965900898,5920
gue_prom_core_all,gue_prom_core_all,reliability_routed_l2,44,0.9232582620216364,0.924091014442089,0.6889505527622736,0.8440878378378378,0.8441492450638792,0.8214285714285714,0.866869918699187,0.9249116567484077,0.5061704337596894,5920
gue_prom_core_all,gue_prom_core_all,mucff_dual_decision,44,0.9231077176422035,0.9239018427883651,0.6880878446677338,0.84375,0.8438031870210885,0.8241239892183289,0.8634823848238482,0.9250203508195278,0.5056735073891987,5920
ienhancer_recognition,ienhancer_recognition,base_evidence,28,0.8155249999999999,0.8023732213943939,0.45447590432631196,0.725,0.7250000000000001,0.655,0.795,0.8763231885847965,0.5523882320523262,400
ienhancer_recognition,ienhancer_recognition,foundation_interactions,33,0.8172,0.802275909725468,0.465285074438894,0.7325,0.7324999999999999,0.75,0.715,0.8762033115132846,0.4427087120711804,400
ienhancer_recognition,ienhancer_recognition,local_foundation_fusion,39,0.806275,0.7946408249904597,0.42564427456695186,0.7125,0.7125,0.685,0.74,0.8771500679303406,0.4780379682779312,400
ienhancer_recognition,ienhancer_recognition,rc_grammar_1,40,0.80485,0.7933197596945979,0.4200210015751312,0.71,0.71,0.715,0.705,0.8767600133681097,0.4481873059272767,400
ienhancer_recognition,ienhancer_recognition,rc_grammar_2,41,0.80595,0.7943261209392578,0.4464474650379833,0.7175,0.7175,0.605,0.83,0.8765361520186574,0.6097347748279572,400
ienhancer_recognition,ienhancer_recognition,rc_grammar_3,42,0.802475,0.791479736188607,0.4105134629438422,0.705,0.7050000000000001,0.68,0.73,0.8764739430838195,0.4742862284183502,400
ienhancer_recognition,ienhancer_recognition,biophysical_grammar,43,0.8023499999999999,0.7914765986602812,0.40561395576380116,0.7025,0.7025,0.675,0.73,0.8764694022856561,0.4734700322151184,400
ienhancer_recognition,ienhancer_recognition,position_aware_grammar,44,0.8022750000000001,0.7911308425266814,0.405248290640327,0.7025,0.7025,0.685,0.72,0.8759249605858719,0.46948421537876134,400
ienhancer_recognition,ienhancer_recognition,reliability_routed_l2,44,0.8043,0.7860790239276845,0.4254309671419109,0.7125,0.7124999999999999,0.69,0.735,0.8769870532762767,0.46449430242180845,400
ienhancer_recognition,ienhancer_recognition,mucff_dual_decision,44,0.81585,0.7969067020414323,0.4623173950192375,0.73,0.73,0.78,0.68,0.8778933965896789,0.41630538180445853,400
ienhancer_strength,ienhancer_strength,base_evidence,28,1.0,1.0,0.4685212856658182,0.68,0.6799999999999999,1.0,0.36,0.7027702501434893,0.3956217378377915,200
ienhancer_strength,ienhancer_strength,foundation_interactions,33,1.0,1.0,0.4445276036638914,0.665,0.665,1.0,0.33,0.6991757543173909,0.38770773246884344,200
ienhancer_strength,ienhancer_strength,local_foundation_fusion,39,1.0,1.0,0.5,0.7,0.7,1.0,0.4,0.732681395805029,0.4913099291920662,200
ienhancer_strength,ienhancer_strength,rc_grammar_1,40,0.9999,0.9999009900990099,0.5,0.7,0.7,1.0,0.4,0.7311556876221474,0.48051021292805685,200
ienhancer_strength,ienhancer_strength,rc_grammar_2,41,1.0,1.0,0.5078007830046403,0.705,0.705,1.0,0.41,0.7308414643892445,0.5077130770683289,200
ienhancer_strength,ienhancer_strength,rc_grammar_3,42,0.9999,0.9999009900990099,0.5155800469472481,0.71,0.71,1.0,0.42,0.7300604471051504,0.5161275231838226,200
ienhancer_strength,ienhancer_strength,biophysical_grammar,43,0.9999,0.9999009900990099,0.5155800469472481,0.71,0.71,1.0,0.42,0.7301567120262131,0.5172951251268387,200
ienhancer_strength,ienhancer_strength,position_aware_grammar,44,0.9999,0.9999009900990099,0.5155800469472481,0.71,0.71,1.0,0.42,0.7296045509695513,0.5190102580189705,200
ienhancer_strength,ienhancer_strength,reliability_routed_l2,44,1.0,1.0,0.5078007830046403,0.705,0.705,1.0,0.41,0.7374801113040446,0.5492250210046768,200
ienhancer_strength,ienhancer_strength,mucff_dual_decision,44,0.9994999999999999,0.9995008706512909,0.5078007830046403,0.705,0.705,1.0,0.41,0.7295482450723259,0.5276614792490008,200
ipromoter_hs_notata,ipromoter_hs_notata,base_evidence,28,0.8583643999999999,0.8575464562388535,0.2722619236172002,0.5808,0.5808,0.9832,0.1784,0.9678471831601011,0.5689105427265168,5000
ipromoter_hs_notata,ipromoter_hs_notata,foundation_interactions,33,0.8678563199999999,0.8701022735017871,0.2332132823226817,0.5612,0.5612,0.9868,0.1356,0.9678091438116867,0.5716381376981736,5000
ipromoter_hs_notata,ipromoter_hs_notata,local_foundation_fusion,39,0.8782476800000001,0.8856719123414082,0.3812446385068764,0.6504,0.6504,0.9576,0.3432,0.9687749530526684,0.5386299872398377,5000
ipromoter_hs_notata,ipromoter_hs_notata,rc_grammar_1,40,0.87893296,0.8867685953373298,0.3654923913990113,0.639,0.639,0.9636,0.3144,0.969291245960346,0.5127187132835388,5000
ipromoter_hs_notata,ipromoter_hs_notata,rc_grammar_2,41,0.8780560800000001,0.8856158902549691,0.3788022312012382,0.6492,0.6492,0.9572,0.3412,0.969536568695956,0.538770318031311,5000
ipromoter_hs_notata,ipromoter_hs_notata,rc_grammar_3,42,0.87860312,0.8861859162765442,0.36776891160502895,0.6408,0.6408,0.9624,0.3192,0.9696745403528693,0.5258222308754922,5000
ipromoter_hs_notata,ipromoter_hs_notata,biophysical_grammar,43,0.87805152,0.8854950680460203,0.36925085081609815,0.6418,0.6417999999999999,0.962,0.3216,0.9697683793344399,0.5250688403844833,5000
ipromoter_hs_notata,ipromoter_hs_notata,position_aware_grammar,44,0.8798248799999999,0.8868852342806266,0.3839311601576405,0.6514,0.6514,0.9588,0.344,0.9699973534806534,0.5266678443551064,5000
ipromoter_hs_notata,ipromoter_hs_notata,reliability_routed_l2,44,0.8959109599999999,0.9072797820811312,0.4172942062219212,0.6732,0.6732,0.952,0.3944,0.9705726864791684,0.5108130836486816,5000
ipromoter_hs_notata,ipromoter_hs_notata,mucff_dual_decision,44,0.90178432,0.916681108205149,0.46688009572562855,0.7056,0.7056,0.9424,0.4688,0.9711410843741812,0.5064476056657118,5000
ipromoter_hs_tata,ipromoter_hs_tata,base_evidence,28,0.955568,0.9668764726874991,0.7138458282339143,0.85,0.85,0.948,0.752,0.9736149122577208,0.4882974679768086,500
ipromoter_hs_tata,ipromoter_hs_tata,foundation_interactions,33,0.955296,0.9666939914282353,0.641550320073814,0.806,0.806,0.956,0.656,0.9735992909215141,0.4247962498664856,500
ipromoter_hs_tata,ipromoter_hs_tata,local_foundation_fusion,39,0.9543680000000001,0.9659612878288188,0.7704694597489229,0.884,0.884,0.924,0.844,0.9735232996297581,0.5971002653241158,500
ipromoter_hs_tata,ipromoter_hs_tata,rc_grammar_1,40,0.95432,0.9659385338910479,0.7592198460608496,0.878,0.878,0.924,0.832,0.9734697640087994,0.5953693330287936,500
ipromoter_hs_tata,ipromoter_hs_tata,rc_grammar_2,41,0.9543839999999999,0.9659897471940294,0.7103520254071216,0.848,0.848,0.948,0.748,0.9734333142243168,0.4806188280880453,500
ipromoter_hs_tata,ipromoter_hs_tata,rc_grammar_3,42,0.9547519999999999,0.9662774036975474,0.7487107331984836,0.872,0.872,0.928,0.816,0.9733936099947913,0.5767461562156677,500
ipromoter_hs_tata,ipromoter_hs_tata,biophysical_grammar,43,0.954256,0.9658484686850031,0.7232904433569016,0.856,0.856,0.944,0.768,0.9734808291219459,0.5078401565551758,500
ipromoter_hs_tata,ipromoter_hs_tata,position_aware_grammar,44,0.954032,0.9656209078667747,0.7480564880520522,0.872,0.872,0.924,0.82,0.9734091499698719,0.5775477933883665,500
ipromoter_hs_tata,ipromoter_hs_tata,reliability_routed_l2,44,0.955488,0.9674484711717303,0.6929780510484965,0.838,0.838,0.948,0.728,0.9734025597186597,0.49852484464645386,500
ipromoter_hs_tata,ipromoter_hs_tata,mucff_dual_decision,44,0.9573440000000001,0.9691402248466354,0.7303809073063449,0.86,0.86,0.944,0.776,0.9741740259161222,0.5083999997058694,500
ipromoter_mm_notata,ipromoter_mm_notata,base_evidence,28,0.8551136000000001,0.8629104784305325,0.2674996568357252,0.5764,0.5764,0.9868,0.166,0.9628388320331441,0.586623170375824,5000
ipromoter_mm_notata,ipromoter_mm_notata,foundation_interactions,33,0.8580284,0.8660700317057795,0.26208649616545643,0.5744,0.5744,0.986,0.1628,0.9628456869314291,0.5909062278270721,5000
ipromoter_mm_notata,ipromoter_mm_notata,local_foundation_fusion,39,0.8750092,0.8858755959262917,0.37177474901766194,0.6446,0.6446000000000001,0.9588,0.3304,0.9640844769179469,0.519684865176678,5000
ipromoter_mm_notata,ipromoter_mm_notata,rc_grammar_1,40,0.87511416,0.8863713491278192,0.3860415747033822,0.6536,0.6536,0.9564,0.3508,0.9646376221138232,0.5356736087799072,5000
ipromoter_mm_notata,ipromoter_mm_notata,rc_grammar_2,41,0.8758682400000001,0.8874097818422748,0.3874014321128939,0.6542,0.6542,0.9568,0.3516,0.9647427212680726,0.5391879868507385,5000
ipromoter_mm_notata,ipromoter_mm_notata,rc_grammar_3,42,0.87404584,0.8855190906147201,0.42441164935061465,0.681,0.6809999999999999,0.942,0.42,0.9649263026524961,0.5918409776687622,5000
ipromoter_mm_notata,ipromoter_mm_notata,biophysical_grammar,43,0.87378608,0.8857686017740293,0.42277873088514306,0.6802,0.6802,0.9416,0.4188,0.964978587575179,0.5915320956707001,5000
ipromoter_mm_notata,ipromoter_mm_notata,position_aware_grammar,44,0.87621712,0.8883345993930227,0.4109213858702925,0.67,0.6699999999999999,0.9508,0.3892,0.965557270183589,0.5387094497680663,5000
ipromoter_mm_notata,ipromoter_mm_notata,reliability_routed_l2,44,0.8934016,0.908974548596285,0.4735393680287215,0.7134,0.7134,0.93,0.4968,0.9659100858958279,0.5410406872630121,5000
ipromoter_mm_notata,ipromoter_mm_notata,mucff_dual_decision,44,0.9004835200000001,0.9189235226585182,0.5145409002547621,0.7386,0.7385999999999999,0.9256,0.5516,0.966666268059932,0.53612147475106,5000
ipromoter_mm_tata,ipromoter_mm_tata,base_evidence,28,0.950704,0.9643085785891757,0.6969791726868727,0.844,0.8440000000000001,0.924,0.764,0.9744104335672064,0.44595247507095354,500
ipromoter_mm_tata,ipromoter_mm_tata,foundation_interactions,33,0.953152,0.9660842335685261,0.7050835816716038,0.848,0.8480000000000001,0.928,0.768,0.9746540834160371,0.44720638707280214,500
ipromoter_mm_tata,ipromoter_mm_tata,local_foundation_fusion,39,0.9529120000000001,0.9657841815427035,0.6847396317918233,0.836,0.8360000000000001,0.932,0.74,0.9745347770222506,0.40082813203334827,500
ipromoter_mm_tata,ipromoter_mm_tata,rc_grammar_1,40,0.9528800000000001,0.9657650474284568,0.6847396317918233,0.836,0.8360000000000001,0.932,0.74,0.9744308696443086,0.40377952829003344,500
ipromoter_mm_tata,ipromoter_mm_tata,rc_grammar_2,41,0.9529440000000001,0.9657758241581199,0.6847396317918233,0.836,0.8360000000000001,0.932,0.74,0.9744796571804892,0.4045707434415818,500
ipromoter_mm_tata,ipromoter_mm_tata,rc_grammar_3,42,0.9525119999999999,0.9655404084822705,0.6741773508647697,0.83,0.8300000000000001,0.932,0.728,0.9744414474729496,0.368240287154913,500
ipromoter_mm_tata,ipromoter_mm_tata,biophysical_grammar,43,0.95416,0.9665844259794737,0.7050835816716038,0.848,0.8480000000000001,0.928,0.768,0.9748574367748071,0.4299187302589417,500
ipromoter_mm_tata,ipromoter_mm_tata,position_aware_grammar,44,0.954016,0.9665009676506312,0.6893711141230373,0.838,0.8380000000000001,0.936,0.74,0.9749383175870002,0.3841829124093063,500
ipromoter_mm_tata,ipromoter_mm_tata,reliability_routed_l2,44,0.953712,0.9664271377354053,0.6953575458547193,0.842,0.8420000000000001,0.932,0.752,0.9752763763554012,0.4340975515544418,500
ipromoter_mm_tata,ipromoter_mm_tata,mucff_dual_decision,44,0.954992,0.9673912939946401,0.696417806248397,0.842,0.8420000000000001,0.936,0.748,0.9760874871339064,0.4060250017668883,500
snnrice6ma_rice_chen__fold00,snnrice6ma_rice_chen,base_evidence,28,0.922262396694215,0.917457664163772,0.6739886745296482,0.8352272727272727,0.8352272727272727,0.8863636363636364,0.7840909090909091,0.8862950846852361,0.4587354946136475,176
snnrice6ma_rice_chen__fold00,snnrice6ma_rice_chen,foundation_interactions,33,0.9269111570247934,0.9215430246192594,0.6572335375382283,0.8181818181818182,0.8181818181818182,0.9431818181818182,0.6931818181818182,0.8896573053770022,0.38295530319213866,176
snnrice6ma_rice_chen__fold00,snnrice6ma_rice_chen,local_foundation_fusion,39,0.9279442148760331,0.9231798924840979,0.6755622278080391,0.8238636363636364,0.8238636363636364,0.9659090909090909,0.6818181818181818,0.8888649755127029,0.36019745588302615,176
snnrice6ma_rice_chen__fold00,snnrice6ma_rice_chen,rc_grammar_1,40,0.928073347107438,0.9232935691959346,0.6614378277661477,0.8181818181818182,0.8181818181818181,0.9545454545454546,0.6818181818181818,0.8888984542393633,0.37897597581148157,176
snnrice6ma_rice_chen__fold00,snnrice6ma_rice_chen,rc_grammar_2,41,0.9278150826446281,0.9233681934301771,0.6566725339323228,0.8125,0.8125,0.9659090909090909,0.6590909090909091,0.8893830986634015,0.3378568920493126,176
snnrice6ma_rice_chen__fold00,snnrice6ma_rice_chen,rc_grammar_3,42,0.9276859504132231,0.9221191575259923,0.6601627748790566,0.8238636363636364,0.8238636363636364,0.9204545454545454,0.7272727272727273,0.8914444316906438,0.46702601581811914,176
snnrice6ma_rice_chen__fold00,snnrice6ma_rice_chen,biophysical_grammar,43,0.9275568181818182,0.9219936668377973,0.6653056282246291,0.8295454545454546,0.8295454545454546,0.8977272727272727,0.7613636363636364,0.8909868890929497,0.5339499235153199,176
snnrice6ma_rice_chen__fold00,snnrice6ma_rice_chen,position_aware_grammar,44,0.9278150826446281,0.9221356153632553,0.6862635163075163,0.8409090909090909,0.8409090909090908,0.8977272727272727,0.7840909090909091,0.8906600729517397,0.5545296931266785,176
snnrice6ma_rice_chen__fold00,snnrice6ma_rice_chen,reliability_routed_l2,44,0.9258780991735537,0.9193755225553435,0.6675934204983898,0.8295454545454546,0.8295454545454546,0.9090909090909091,0.75,0.8903539817365576,0.5091306295990944,176
snnrice6ma_rice_chen__fold00,snnrice6ma_rice_chen,mucff_dual_decision,44,0.9262654958677685,0.9204496972133698,0.6653056282246291,0.8295454545454546,0.8295454545454546,0.8977272727272727,0.7613636363636364,0.8920661794714825,0.5428962360451172,176
snnrice6ma_rice_chen__fold01,snnrice6ma_rice_chen,base_evidence,28,0.9110278925619835,0.9218594166548462,0.625040357730969,0.8125,0.8125,0.8068181818181818,0.8181818181818182,0.8875258264462811,0.545730485022068,176
snnrice6ma_rice_chen__fold01,snnrice6ma_rice_chen,foundation_interactions,33,0.9097365702479339,0.9195879745012226,0.6142712695109416,0.8068181818181818,0.8068181818181819,0.7840909090909091,0.8295454545454546,0.8869471227425771,0.5733652153611183,176
snnrice6ma_rice_chen__fold01,snnrice6ma_rice_chen,local_foundation_fusion,39,0.9084452479338844,0.9185828385461017,0.6363636363636364,0.8181818181818182,0.8181818181818182,0.8181818181818182,0.8181818181818182,0.8880216304458728,0.47255962014198305,176
snnrice6ma_rice_chen__fold01,snnrice6ma_rice_chen,rc_grammar_1,40,0.9070247933884298,0.91793297311906,0.6137949055234262,0.8068181818181818,0.8068181818181819,0.7954545454545454,0.8181818181818182,0.888825119885726,0.5195332768559455,176
snnrice6ma_rice_chen__fold01,snnrice6ma_rice_chen,rc_grammar_2,41,0.9070247933884298,0.9179164903548322,0.625040357730969,0.8125,0.8125,0.8181818181818182,0.8068181818181818,0.8892571548821548,0.4745721173286438,176
snnrice6ma_rice_chen__fold01,snnrice6ma_rice_chen,rc_grammar_3,42,0.9079287190082646,0.918372684986441,0.5915204817512771,0.7954545454545454,0.7954545454545454,0.7727272727272727,0.8181818181818182,0.8887677277828794,0.5405187442898751,176
snnrice6ma_rice_chen__fold01,snnrice6ma_rice_chen,biophysical_grammar,43,0.9083161157024794,0.9188721572412162,0.5915204817512771,0.7954545454545454,0.7954545454545454,0.7727272727272727,0.8181818181818182,0.8880551091725334,0.5437396717071533,176
snnrice6ma_rice_chen__fold01,snnrice6ma_rice_chen,position_aware_grammar,44,0.9089617768595041,0.9214436509071072,0.6481039922301567,0.8238636363636364,0.8238636363636364,0.8409090909090909,0.8068181818181818,0.8884185924905622,0.4427728579938412,176
snnrice6ma_rice_chen__fold01,snnrice6ma_rice_chen,reliability_routed_l2,44,0.9088326446280991,0.9213781859540238,0.636528050172442,0.8181818181818182,0.8181818181818181,0.8295454545454546,0.8068181818181818,0.8876788720538721,0.44279405221343043,176
snnrice6ma_rice_chen__fold01,snnrice6ma_rice_chen,mucff_dual_decision,44,0.9077995867768597,0.9197668386319104,0.636528050172442,0.8181818181818182,0.8181818181818181,0.8295454545454546,0.8068181818181818,0.8887804815835119,0.46660455564372744,176
snnrice6ma_rice_chen__fold02,snnrice6ma_rice_chen,base_evidence,28,0.8875258264462809,0.8901091775778563,0.6009252125773316,0.7954545454545454,0.7954545454545454,0.8863636363636364,0.7045454545454546,0.8938772191613101,0.32647494077682493,176
snnrice6ma_rice_chen__fold02,snnrice6ma_rice_chen,foundation_interactions,33,0.887525826446281,0.8896987064175352,0.6070338505905771,0.8011363636363636,0.8011363636363636,0.8636363636363636,0.7386363636363636,0.8930051780430569,0.3790513281524184,176
snnrice6ma_rice_chen__fold02,snnrice6ma_rice_chen,local_foundation_fusion,39,0.8857179752066116,0.8874258778423153,0.6054474533910399,0.8011363636363636,0.8011363636363636,0.8522727272727273,0.75,0.8965794306703397,0.4116057325899601,176
snnrice6ma_rice_chen__fold02,snnrice6ma_rice_chen,rc_grammar_1,40,0.8863636363636364,0.8877776413511246,0.6240377207533827,0.8068181818181818,0.8068181818181819,0.8977272727272727,0.7159090909090909,0.8966926206509539,0.3409363812208176,176
snnrice6ma_rice_chen__fold02,snnrice6ma_rice_chen,rc_grammar_2,41,0.8870092975206612,0.8887413361983417,0.6070338505905771,0.8011363636363636,0.8011363636363636,0.8636363636363636,0.7386363636363636,0.8959943500663197,0.3989811591804029,176
snnrice6ma_rice_chen__fold02,snnrice6ma_rice_chen,rc_grammar_3,42,0.8886880165289256,0.8898064730766035,0.6215524949467767,0.8068181818181818,0.8068181818181819,0.8863636363636364,0.7272727272727273,0.8959975385164778,0.3701552897691727,176
snnrice6ma_rice_chen__fold02,snnrice6ma_rice_chen,biophysical_grammar,43,0.8881714876033059,0.8895122903538062,0.6215524949467767,0.8068181818181818,0.8068181818181819,0.8863636363636364,0.7272727272727273,0.8959529002142638,0.3361115050315857,176
snnrice6ma_rice_chen__fold02,snnrice6ma_rice_chen,position_aware_grammar,44,0.8893336776859504,0.8910374998576502,0.6253635012747126,0.8125,0.8125,0.7954545454545454,0.8295454545454546,0.8962047877767574,0.5034579038619995,176
snnrice6ma_rice_chen__fold02,snnrice6ma_rice_chen,reliability_routed_l2,44,0.8910123966942148,0.8919592038789956,0.5909090909090909,0.7954545454545454,0.7954545454545454,0.7954545454545454,0.7954545454545454,0.897857999183757,0.48640319526195536,176
snnrice6ma_rice_chen__fold02,snnrice6ma_rice_chen,mucff_dual_decision,44,0.8921745867768595,0.891541308085456,0.5947617141331808,0.7954545454545454,0.7954545454545454,0.8522727272727273,0.7386363636363636,0.8957201433527191,0.4235581937312866,176
snnrice6ma_rice_chen__fold03,snnrice6ma_rice_chen,base_evidence,28,0.9143853305785123,0.9281291353615108,0.6597728450302706,0.8295454545454546,0.8295454545454546,0.8068181818181818,0.8522727272727273,0.8849033261912052,0.5067982625961305,176
snnrice6ma_rice_chen__fold03,snnrice6ma_rice_chen,foundation_interactions,33,0.915934917355372,0.9298947144259695,0.6675934204983898,0.8295454545454546,0.8295454545454546,0.75,0.9090909090909091,0.8864752321191716,0.6193834558129315,176
snnrice6ma_rice_chen__fold03,snnrice6ma_rice_chen,local_foundation_fusion,39,0.9149018595041322,0.9287799866137115,0.6378479646021205,0.8181818181818182,0.8181818181818181,0.8522727272727273,0.7840909090909091,0.8876597413529232,0.4177812767028809,176
snnrice6ma_rice_chen__fold03,snnrice6ma_rice_chen,rc_grammar_1,40,0.918259297520661,0.9317117886329862,0.6390096504226938,0.8181818181818182,0.8181818181818181,0.8636363636363636,0.7727272727272727,0.8883755484134273,0.405884750187397,176
snnrice6ma_rice_chen__fold03,snnrice6ma_rice_chen,rc_grammar_2,41,0.9172262396694215,0.9313894684395604,0.6825236327899351,0.8409090909090909,0.8409090909090909,0.8636363636363636,0.8181818181818182,0.8888649755127027,0.44935465231537836,176
snnrice6ma_rice_chen__fold03,snnrice6ma_rice_chen,rc_grammar_3,42,0.9205836776859504,0.9337038627220543,0.6704978382932213,0.8352272727272727,0.8352272727272727,0.8295454545454546,0.8409090909090909,0.8896923783287419,0.4904665946960449,176
snnrice6ma_rice_chen__fold03,snnrice6ma_rice_chen,biophysical_grammar,43,0.9199380165289256,0.9329030903065363,0.6704978382932213,0.8352272727272727,0.8352272727272727,0.8295454545454546,0.8409090909090909,0.8889446867666564,0.49581708014011383,176
snnrice6ma_rice_chen__fold03,snnrice6ma_rice_chen,position_aware_grammar,44,0.9198088842975206,0.9326879072631152,0.6935849741410449,0.8465909090909091,0.8465909090909092,0.8636363636363636,0.8295454545454546,0.8892523722069177,0.467213651239872,176
snnrice6ma_rice_chen__fold03,snnrice6ma_rice_chen,reliability_routed_l2,44,0.9173553719008264,0.931534042219127,0.6618314236520757,0.8295454545454546,0.8295454545454546,0.875,0.7840909090909091,0.8913360243852669,0.4452345883846283,176
snnrice6ma_rice_chen__fold03,snnrice6ma_rice_chen,mucff_dual_decision,44,0.9160640495867768,0.9309673325776865,0.6487753418777004,0.8238636363636364,0.8238636363636364,0.7954545454545454,0.8522727272727273,0.8906792036526885,0.5403267817405932,176
snnrice6ma_rice_chen__fold04,snnrice6ma_rice_chen,base_evidence,28,0.8800361570247934,0.8693477015266238,0.6142712695109416,0.8068181818181818,0.8068181818181819,0.8295454545454546,0.7840909090909091,0.8900351367207429,0.49044314712285997,176
snnrice6ma_rice_chen__fold04,snnrice6ma_rice_chen,foundation_interactions,33,0.8770661157024794,0.866474759261344,0.5947617141331808,0.7954545454545454,0.7954545454545454,0.8522727272727273,0.7386363636363636,0.8907015228037956,0.41297283917665484,176
snnrice6ma_rice_chen__fold04,snnrice6ma_rice_chen,local_foundation_fusion,39,0.8810692148760331,0.8720503783323899,0.6253635012747126,0.8125,0.8125,0.8295454545454546,0.7954545454545454,0.8918111034588307,0.4977818727493286,176
snnrice6ma_rice_chen__fold04,snnrice6ma_rice_chen,rc_grammar_1,40,0.8824896694214875,0.8731870575750953,0.625040357730969,0.8125,0.8125,0.8068181818181818,0.8181818181818182,0.8916134195490256,0.5349787279963494,176
snnrice6ma_rice_chen__fold04,snnrice6ma_rice_chen,rc_grammar_2,41,0.8833935950413223,0.8738746993465704,0.6009252125773316,0.7954545454545454,0.7954545454545454,0.8863636363636364,0.7045454545454546,0.8906425364758699,0.35474353432655337,176
snnrice6ma_rice_chen__fold04,snnrice6ma_rice_chen,rc_grammar_3,42,0.8835227272727272,0.8724823192521411,0.6041872517834797,0.8011363636363636,0.8011363636363636,0.8409090909090909,0.7613636363636364,0.8905261580450975,0.45374526157975203,176
snnrice6ma_rice_chen__fold04,snnrice6ma_rice_chen,biophysical_grammar,43,0.8842975206611571,0.8731620639597002,0.5881527523196489,0.7897727272727273,0.7897727272727273,0.875,0.7045454545454546,0.8905134042444648,0.36407828181982055,176
snnrice6ma_rice_chen__fold04,snnrice6ma_rice_chen,position_aware_grammar,44,0.8849431818181818,0.873606648862589,0.5964809080634605,0.7954545454545454,0.7954545454545454,0.8636363636363636,0.7272727272727273,0.8905054331190694,0.39023700237274167,176
snnrice6ma_rice_chen__fold04,snnrice6ma_rice_chen,reliability_routed_l2,44,0.8837809917355373,0.8732096956171091,0.6253635012747126,0.8125,0.8125,0.8295454545454546,0.7954545454545454,0.8926448831751861,0.4863176494836807,176
snnrice6ma_rice_chen__fold04,snnrice6ma_rice_chen,mucff_dual_decision,44,0.8853305785123966,0.8760817018938526,0.5841269128324421,0.7897727272727273,0.7897727272727273,0.8522727272727273,0.7272727272727273,0.8921666156514642,0.3915878997580138,176
snnrice6ma_rice_chen__fold05,snnrice6ma_rice_chen,base_evidence,28,0.9027634297520661,0.903210252238418,0.6319334885835687,0.8125,0.8125,0.8863636363636364,0.7386363636363636,0.8874684343434344,0.43235648229718204,176
snnrice6ma_rice_chen__fold05,snnrice6ma_rice_chen,foundation_interactions,33,0.9071539256198347,0.9063267107020128,0.6390096504226938,0.8181818181818182,0.8181818181818181,0.8636363636363636,0.7727272727272727,0.8883054025099478,0.4835451823472979,176
snnrice6ma_rice_chen__fold05,snnrice6ma_rice_chen,local_foundation_fusion,39,0.9050878099173554,0.902410223680843,0.6511416008167787,0.8238636363636364,0.8238636363636364,0.875,0.7727272727272727,0.8912308055300481,0.4932647264003754,176
snnrice6ma_rice_chen__fold05,snnrice6ma_rice_chen,rc_grammar_1,40,0.9079287190082644,0.9052039730069934,0.6253635012747126,0.8125,0.8125,0.8295454545454546,0.7954545454545454,0.891168630751964,0.5344432884454727,176
snnrice6ma_rice_chen__fold05,snnrice6ma_rice_chen,rc_grammar_2,41,0.9075413223140495,0.9037237292210729,0.6137949055234262,0.8068181818181818,0.8068181818181819,0.8181818181818182,0.7954545454545454,0.8912706611570249,0.5553236365318298,176
snnrice6ma_rice_chen__fold05,snnrice6ma_rice_chen,rc_grammar_3,42,0.9070247933884298,0.9033117667175977,0.6497862896539309,0.8238636363636364,0.8238636363636364,0.8636363636363636,0.7840909090909091,0.891471533516988,0.5206534397602081,176
snnrice6ma_rice_chen__fold05,snnrice6ma_rice_chen,biophysical_grammar,43,0.906379132231405,0.9027851589399697,0.6497862896539309,0.8238636363636364,0.8238636363636364,0.8636363636363636,0.7840909090909091,0.890688769003163,0.5239628329873085,176
snnrice6ma_rice_chen__fold05,snnrice6ma_rice_chen,position_aware_grammar,44,0.9080578512396694,0.9040098561038103,0.625040357730969,0.8125,0.8125,0.8181818181818182,0.8068181818181818,0.8912658784817875,0.58111753821373,176
snnrice6ma_rice_chen__fold05,snnrice6ma_rice_chen,reliability_routed_l2,44,0.9071539256198347,0.9029740414030261,0.6026230103192686,0.8011363636363636,0.8011363636363636,0.7840909090909091,0.8181818181818182,0.8938883787368634,0.6182777792215347,176
snnrice6ma_rice_chen__fold05,snnrice6ma_rice_chen,mucff_dual_decision,44,0.9085743801652892,0.9051219676875162,0.6260112947942723,0.8125,0.8125,0.8409090909090909,0.7840909090909091,0.8924312570145904,0.5207057060780792,176
snnrice6ma_rice_chen__fold06,snnrice6ma_rice_chen,base_evidence,28,0.9316890495867769,0.9367174934088027,0.6818181818181818,0.8409090909090909,0.8409090909090909,0.8409090909090909,0.8409090909090909,0.8889717885930009,0.44437449604272844,176
snnrice6ma_rice_chen__fold06,snnrice6ma_rice_chen,foundation_interactions,33,0.9310433884297521,0.9355914681607305,0.6606282490521962,0.8295454545454546,0.8295454545454546,0.7954545454545454,0.8636363636363636,0.8875401744719926,0.48708997294306766,176
snnrice6ma_rice_chen__fold06,snnrice6ma_rice_chen,local_foundation_fusion,39,0.9278150826446281,0.9342043047338716,0.6481039922301567,0.8238636363636364,0.8238636363636364,0.8409090909090909,0.8068181818181818,0.8898996275890216,0.4429797399044037,176
snnrice6ma_rice_chen__fold06,snnrice6ma_rice_chen,rc_grammar_1,40,0.9288481404958678,0.9358366500485904,0.6477690980120951,0.8238636363636364,0.8238636363636365,0.8181818181818182,0.8295454545454546,0.8900431078461382,0.4749550002813339,176
snnrice6ma_rice_chen__fold06,snnrice6ma_rice_chen,rc_grammar_2,41,0.9284607438016529,0.9358810746618119,0.6597728450302706,0.8295454545454546,0.8295454545454546,0.8522727272727273,0.8068181818181818,0.8904528236914602,0.456483818590641,176
snnrice6ma_rice_chen__fold06,snnrice6ma_rice_chen,rc_grammar_3,42,0.928331611570248,0.9362700402565889,0.6592611948214577,0.8295454545454546,0.8295454545454546,0.8409090909090909,0.8181818181818182,0.8908609453117029,0.4524838946759701,176
snnrice6ma_rice_chen__fold06,snnrice6ma_rice_chen,biophysical_grammar,43,0.9300103305785125,0.9378257718329379,0.6834085335022719,0.8409090909090909,0.8409090909090908,0.875,0.8068181818181818,0.891012396694215,0.4218568129837513,176
snnrice6ma_rice_chen__fold06,snnrice6ma_rice_chen,position_aware_grammar,44,0.9303977272727273,0.9382602911582651,0.6935849741410449,0.8465909090909091,0.8465909090909092,0.8636363636363636,0.8295454545454546,0.8908736991123355,0.45695096850395206,176
snnrice6ma_rice_chen__fold06,snnrice6ma_rice_chen,reliability_routed_l2,44,0.9302685950413224,0.937551379055395,0.6739886745296482,0.8352272727272727,0.8352272727272727,0.7840909090909091,0.8863636363636364,0.890993265993266,0.52937770485878,176
snnrice6ma_rice_chen__fold06,snnrice6ma_rice_chen,mucff_dual_decision,44,0.9302685950413223,0.938236721670038,0.6739886745296482,0.8352272727272727,0.8352272727272727,0.8863636363636364,0.7840909090909091,0.8895026655443321,0.4136071151996651,176
snnrice6ma_rice_chen__fold07,snnrice6ma_rice_chen,base_evidence,28,0.8911415289256198,0.8900385762315506,0.6023116174498429,0.8011363636363636,0.8011363636363635,0.7954545454545454,0.8068181818181818,0.8917664651566167,0.47114837035536794,176
snnrice6ma_rice_chen__fold07,snnrice6ma_rice_chen,foundation_interactions,33,0.8894628099173554,0.8916063063481747,0.6150676801520448,0.8068181818181818,0.8068181818181819,0.7727272727272727,0.8409090909090909,0.8946520125497398,0.49828341603279114,176
snnrice6ma_rice_chen__fold07,snnrice6ma_rice_chen,local_foundation_fusion,39,0.8903667355371901,0.8921096972536429,0.5798825193638244,0.7897727272727273,0.7897727272727273,0.7727272727272727,0.8068181818181818,0.8940334532190591,0.4974606429040432,176
snnrice6ma_rice_chen__fold07,snnrice6ma_rice_chen,rc_grammar_1,40,0.8924328512396694,0.8957718792987202,0.6026230103192686,0.8011363636363636,0.8011363636363636,0.7840909090909091,0.8181818181818182,0.8954092694622998,0.5099268418550492,176
snnrice6ma_rice_chen__fold07,snnrice6ma_rice_chen,rc_grammar_2,41,0.8924328512396694,0.8957815478839196,0.5910617608744104,0.7954545454545454,0.7954545454545454,0.7840909090909091,0.8068181818181818,0.8947907101316191,0.4975736148655414,176
snnrice6ma_rice_chen__fold07,snnrice6ma_rice_chen,rc_grammar_3,42,0.8915289256198347,0.8953701926033533,0.625040357730969,0.8125,0.8125,0.8181818181818182,0.8068181818181818,0.8948688271604939,0.45083385348320015,176
snnrice6ma_rice_chen__fold07,snnrice6ma_rice_chen,biophysical_grammar,43,0.8929493801652892,0.8960651784088726,0.6136363636363636,0.8068181818181818,0.8068181818181818,0.8068181818181818,0.8068181818181818,0.895152599224569,0.48218532711267476,176
snnrice6ma_rice_chen__fold07,snnrice6ma_rice_chen,position_aware_grammar,44,0.8930785123966942,0.8962171900111998,0.6142712695109416,0.8068181818181818,0.8068181818181819,0.8295454545454546,0.7840909090909091,0.8947986812570147,0.4344793103635311,176
snnrice6ma_rice_chen__fold07,snnrice6ma_rice_chen,reliability_routed_l2,44,0.8913997933884298,0.8955730228554268,0.6142712695109416,0.8068181818181818,0.8068181818181819,0.8295454545454546,0.7840909090909091,0.8952721661054994,0.4263048946857454,176
snnrice6ma_rice_chen__fold07,snnrice6ma_rice_chen,mucff_dual_decision,44,0.8924328512396694,0.8956244425926876,0.6032472477108443,0.8011363636363636,0.8011363636363636,0.8295454545454546,0.7727272727272727,0.8954315886134068,0.4225364553138178,176
snnrice6ma_rice_chen__fold08,snnrice6ma_rice_chen,base_evidence,28,0.8684142561983471,0.8812803096655732,0.6041872517834797,0.8011363636363636,0.8011363636363636,0.8409090909090909,0.7613636363636364,0.8915942888480768,0.4004217755794525,176
snnrice6ma_rice_chen__fold08,snnrice6ma_rice_chen,foundation_interactions,33,0.8654442148760331,0.8789996715725356,0.6026230103192686,0.8011363636363636,0.8011363636363636,0.8181818181818182,0.7840909090909091,0.8938054790327519,0.4128593608736992,176
snnrice6ma_rice_chen__fold08,snnrice6ma_rice_chen,local_foundation_fusion,39,0.8671229338842976,0.8772654000568556,0.5798825193638244,0.7897727272727273,0.7897727272727273,0.8068181818181818,0.7727272727272727,0.898188003775125,0.43544816970825195,176
snnrice6ma_rice_chen__fold08,snnrice6ma_rice_chen,rc_grammar_1,40,0.8667355371900827,0.8774576542620458,0.5683286162253947,0.7840909090909091,0.7840909090909091,0.7954545454545454,0.7727272727272727,0.8985036603407817,0.44614300310611726,176
snnrice6ma_rice_chen__fold08,snnrice6ma_rice_chen,rc_grammar_2,41,0.8672520661157025,0.8780373479777047,0.5687696939916126,0.7840909090909091,0.7840909090909091,0.8068181818181818,0.7613636363636364,0.8985546755433119,0.4304664355516434,176
snnrice6ma_rice_chen__fold08,snnrice6ma_rice_chen,rc_grammar_3,42,0.8673811983471075,0.8782236402936141,0.5687696939916126,0.7840909090909091,0.7840909090909091,0.8068181818181818,0.7613636363636364,0.8984669931639628,0.4290124075114727,176
snnrice6ma_rice_chen__fold08,snnrice6ma_rice_chen,biophysical_grammar,43,0.8677685950413223,0.878117607494615,0.5681818181818182,0.7840909090909091,0.7840909090909091,0.7840909090909091,0.7840909090909091,0.8971007422711968,0.47808149218559265,176
snnrice6ma_rice_chen__fold08,snnrice6ma_rice_chen,position_aware_grammar,44,0.8698347107438016,0.8801237673610385,0.5795828771687167,0.7897727272727273,0.7897727272727273,0.7840909090909091,0.7954545454545454,0.8971087133965923,0.45627747297286986,176
snnrice6ma_rice_chen__fold08,snnrice6ma_rice_chen,reliability_routed_l2,44,0.8662190082644629,0.8786727326750391,0.5683286162253947,0.7840909090909091,0.7840909090909091,0.7727272727272727,0.7954545454545454,0.9003641210080604,0.4808742515742781,176
snnrice6ma_rice_chen__fold08,snnrice6ma_rice_chen,mucff_dual_decision,44,0.865573347107438,0.8779384720028145,0.5170364906592835,0.7556818181818182,0.7556818181818181,0.6818181818181818,0.8295454545454546,0.8985626466687072,0.5576901820817697,176
snnrice6ma_rice_chen__fold09,snnrice6ma_rice_chen,base_evidence,28,0.8693181818181818,0.8658889345180278,0.636528050172442,0.8181818181818182,0.8181818181818181,0.8068181818181818,0.8295454545454546,0.8869885725946332,0.563321671485901,176
snnrice6ma_rice_chen__fold09,snnrice6ma_rice_chen,foundation_interactions,33,0.868672520661157,0.866617725730249,0.5881527523196489,0.7897727272727273,0.7897727272727273,0.875,0.7045454545454546,0.8867032063054792,0.3698946440219879,176
snnrice6ma_rice_chen__fold09,snnrice6ma_rice_chen,local_foundation_fusion,39,0.8672520661157025,0.8665141988511724,0.6150676801520448,0.8068181818181818,0.8068181818181819,0.8409090909090909,0.7727272727272727,0.8886912049790836,0.4781447875499725,176
snnrice6ma_rice_chen__fold09,snnrice6ma_rice_chen,rc_grammar_1,40,0.8673811983471075,0.8655603437529297,0.5629952898289976,0.7784090909090909,0.7784090909090909,0.8522727272727273,0.7045454545454546,0.8892922278338945,0.400827549248934,176
snnrice6ma_rice_chen__fold09,snnrice6ma_rice_chen,rc_grammar_2,41,0.8694473140495868,0.8692186367529507,0.5841269128324421,0.7897727272727273,0.7897727272727273,0.8522727272727273,0.7272727272727273,0.8886178706254462,0.4253257519006729,176
snnrice6ma_rice_chen__fold09,snnrice6ma_rice_chen,rc_grammar_3,42,0.8691890495867769,0.8686782984313687,0.625040357730969,0.8125,0.8125,0.8181818181818182,0.8068181818181818,0.8889175849403123,0.5636340355873108,176
snnrice6ma_rice_chen__fold09,snnrice6ma_rice_chen,biophysical_grammar,43,0.8682851239669421,0.8680635807315937,0.6253635012747126,0.8125,0.8125,0.8295454545454546,0.7954545454545454,0.8887454086317722,0.5512774872779846,176
snnrice6ma_rice_chen__fold09,snnrice6ma_rice_chen,position_aware_grammar,44,0.8703512396694214,0.8716475600149465,0.5524911066193571,0.7727272727272727,0.7727272727272727,0.8522727272727273,0.6931818181818182,0.8886864223038466,0.3800630837678912,176
snnrice6ma_rice_chen__fold09,snnrice6ma_rice_chen,reliability_routed_l2,44,0.868543388429752,0.8686276434371497,0.5841269128324421,0.7897727272727273,0.7897727272727273,0.8522727272727273,0.7272727272727273,0.8888665697377818,0.408687274158001,176
snnrice6ma_rice_chen__fold09,snnrice6ma_rice_chen,mucff_dual_decision,44,0.8649276859504132,0.8617740254120884,0.5735393346764044,0.7840909090909091,0.7840909090909092,0.8522727272727273,0.7159090909090909,0.8887326548311398,0.38924115788082747,176
