task_id,method,oof_auc,auc,auprc,mcc,accuracy,balanced_accuracy,sensitivity,specificity,threshold
gue_emp_H3,aligned_l2,0.953944837602818,0.9560825404758929,0.9533470188534863,0.787680412526638,0.8937875751503006,0.8936925438674783,0.904635761589404,0.8827493261455526,0.46232391476631185
gue_emp_H3,routed_l2,0.953660097902967,0.9563003159529462,0.9536424075533841,0.7849442617096004,0.8924515698062793,0.8923796433480302,0.9006622516556292,0.8840970350404312,0.4934822584688664
gue_emp_H3,aligned_sparse,0.9540941146468884,0.9552417843308759,0.951704803825195,0.7866335907339573,0.8931195724782899,0.8929606754609878,0.9112582781456954,0.8746630727762803,0.4303330028057099
gue_emp_H3,mucff,0.9537887195677412,0.9557487370807376,0.9528777505693167,0.7875763263555277,0.8937875751503006,0.8937389550347191,0.8993377483443709,0.8881401617250674,0.4908495913445951
gue_human_tf_0,aligned_l2,0.8931179496124484,0.924204,0.9097746569733651,0.6870757498783109,0.839,0.839,0.92,0.758,0.5055294883251192
gue_human_tf_0,routed_l2,0.8931024751118958,0.9247080000000001,0.9109947185462256,0.6831582906642856,0.836,0.8360000000000001,0.926,0.746,0.4868472538888455
gue_human_tf_0,aligned_sparse,0.8936196699011856,0.923892,0.9096866078730428,0.6871618150347321,0.84,0.8400000000000001,0.912,0.768,0.5079689371585847
gue_human_tf_0,mucff,0.8934754464789247,0.923996,0.9097714150340177,0.6861856127059405,0.839,0.839,0.916,0.762,0.4947865843772889
gue_mouse_0,aligned_l2,0.8907021722549495,0.9005029721079104,0.9122504838651044,0.6743464439536244,0.8320987654320988,0.8320987654320988,0.745679012345679,0.9185185185185185,0.5761446440219881
gue_mouse_0,routed_l2,0.8901799086901042,0.9002103337905807,0.9116889653835211,0.6677265524170372,0.828395061728395,0.828395061728395,0.7382716049382716,0.9185185185185185,0.5605187729001047
gue_mouse_0,aligned_sparse,0.8915552655011743,0.8993629019966469,0.9116703658186376,0.6624348904908103,0.8246913580246914,0.8246913580246914,0.725925925925926,0.9234567901234568,0.588956418633461
gue_mouse_0,mucff,0.891304563928374,0.8994238683127572,0.9115595742621867,0.6665347970843922,0.828395061728395,0.828395061728395,0.7432098765432099,0.9135802469135802,0.5579126328229905
gue_prom_300_all,aligned_l2,0.9871799866063241,0.9868189289138473,0.9873693481999625,0.8794843532405099,0.939695945945946,0.9396395470940053,0.947986577181208,0.9312925170068027,0.4553403854370117
gue_prom_300_all,routed_l2,0.9871729444385903,0.9868869561247318,0.9874145668970672,0.8794843532405099,0.939695945945946,0.9396395470940053,0.947986577181208,0.9312925170068027,0.4572805091738703
gue_prom_300_all,aligned_sparse,0.9871403330152478,0.9868563667077571,0.9873834393327826,0.8788805035300586,0.9393581081081082,0.9392857142857143,0.95,0.9285714285714286,0.45735807716846544
gue_prom_300_all,mucff,0.9871361305449292,0.986897456969365,0.9874153098237508,0.8789440097361544,0.9393581081081082,0.9392743003241565,0.9516778523489933,0.9268707482993197,0.45900312811136407
gue_prom_core_all,aligned_l2,0.9261873861461559,0.9254359623700683,0.9262728366982658,0.6939482957841417,0.8469594594594595,0.8469437322405569,0.8527628032345014,0.8411246612466124,0.46021751686930673
gue_prom_core_all,routed_l2,0.9261908980680456,0.9253051633868765,0.9261784181058839,0.6979747131606132,0.8489864864864864,0.8489789918114814,0.8517520215633423,0.8462059620596206,0.4749465733766558
gue_prom_core_all,aligned_sparse,0.9263054618361901,0.925203354754235,0.9260557408595942,0.6956204932305072,0.847804054054054,0.8477924418732058,0.852088948787062,0.8434959349593496,0.46099806204438226
gue_prom_core_all,mucff,0.9262931200801913,0.9251652335846134,0.9259987850270854,0.6939161987933751,0.8469594594594595,0.8469565153872562,0.8480458221024259,0.8458672086720868,0.4753526747226716
ipromoter_hs_notata,aligned_l2,0.9168597594952211,0.9302399633590172,0.9340109890493338,0.7030228610561656,0.8510419346539748,0.8510551325670894,0.8254049884289021,0.8767052767052768,0.5298469233512878
ipromoter_hs_notata,routed_l2,0.9168233420663677,0.9300991179623219,0.9338662949362612,0.7051882925927322,0.8521996398250579,0.8522117128699798,0.8287477500642839,0.8756756756756757,0.5184226471185684
ipromoter_hs_notata,aligned_sparse,0.9169280732344566,0.9304474257161324,0.9343286867656735,0.702138417362567,0.8509133007460766,0.8509208727516776,0.8362046798662895,0.8656370656370657,0.5079851400852206
ipromoter_hs_notata,mucff,0.9169274432678919,0.9306475413443787,0.9345053929220062,0.7024698090994773,0.8510419346539748,0.8510503671213365,0.8346618668038056,0.8674388674388674,0.5076077747344973
ipromoter_hs_tata,aligned_l2,0.9849489489022076,0.9880707762557077,0.9887750768660213,0.8823012602908432,0.9407744874715261,0.9408208800332087,0.9204545454545454,0.9611872146118722,0.5820517110824582
ipromoter_hs_tata,routed_l2,0.9853203976430921,0.988760896637609,0.9893085205479693,0.878550903499539,0.9384965831435079,0.9385637193856371,0.9090909090909091,0.9680365296803652,0.6069112318754203
ipromoter_hs_tata,aligned_sparse,0.9847458762055871,0.9878113325031134,0.9884554156935982,0.874717531350154,0.9373576309794989,0.9373599003735991,0.9363636363636364,0.9383561643835616,0.49805694818496704
ipromoter_hs_tata,mucff,0.984939058734947,0.9885066417600664,0.9890200679301067,0.8793866228968332,0.9396355353075171,0.9396533831465338,0.9318181818181818,0.9474885844748858,0.501937608718872
ipromoter_mm_notata,aligned_l2,0.9446425120803245,0.9537456602623943,0.9553943489061857,0.7668708248771823,0.8831855654067506,0.8832049033591218,0.86544437538844,0.9009654313298038,0.5417191648483277
ipromoter_mm_notata,routed_l2,0.9446203884074522,0.953782145317361,0.9554196597170117,0.765758561327028,0.8827189298491211,0.8827343719605869,0.8685518955873213,0.8969168483338524,0.527003792524338
ipromoter_mm_notata,aligned_sparse,0.9446388486714604,0.9533947456488427,0.9549893827377675,0.7673863263512407,0.8836522009643801,0.8836598536068622,0.8766314481044126,0.8906882591093117,0.5130396294593812
ipromoter_mm_notata,mucff,0.9445958164317015,0.9534932165863188,0.9550620604696639,0.7694818765623206,0.8847410172655157,0.8847410499837511,0.884711000621504,0.8847710993459982,0.49756522238254547
ipromoter_mm_tata,aligned_l2,0.9894889217788858,0.9909482758620689,0.9915244399906753,0.9059150047556359,0.9529540481400438,0.9529932950191571,0.9504310344827587,0.9555555555555556,0.4945820653438572
ipromoter_mm_tata,routed_l2,0.9892135079696374,0.9910967432950191,0.991614289595755,0.9058850299796475,0.9529540481400438,0.952926245210728,0.9547413793103449,0.9511111111111111,0.44937798261642686
ipromoter_mm_tata,aligned_sparse,0.9886215179611714,0.9902969348659003,0.9911382020103024,0.8971402225708527,0.9485776805251641,0.9485153256704981,0.9525862068965517,0.9444444444444444,0.4376164379715921
ipromoter_mm_tata,mucff,0.9888512789379086,0.9909674329501915,0.9915540887588337,0.8993217897508938,0.949671772428884,0.9496264367816092,0.9525862068965517,0.9466666666666667,0.45880989670753486
snnrice6ma_rice_chen,aligned_l2,0.8897998410755321,0.8814650262018683,0.8905002596325898,0.6000000009734633,0.8,0.799982911825017,0.7954545454545454,0.8045112781954887,0.5314326733350754
snnrice6ma_rice_chen,routed_l2,0.88992511937232,0.8798131692868535,0.8893856671524156,0.5849282296650717,0.7924528301886793,0.7924641148325359,0.7954545454545454,0.7894736842105263,0.5458434951305391
snnrice6ma_rice_chen,aligned_sparse,0.8900629254987865,0.8845408976987924,0.89261125287288,0.5398991206424848,0.7622641509433963,0.7627022100706311,0.8787878787878788,0.6466165413533834,0.3516634047031403
snnrice6ma_rice_chen,mucff,0.8900307110796125,0.8846548188653452,0.8927166645567698,0.5398991206424848,0.7622641509433963,0.7627022100706311,0.8787878787878788,0.6466165413533834,0.3509066104888916
